index,polymer,comonomer_ratios,copolymer_type,mono1_name,mono2_name,can_smiles_solute1,can_smiles_solute2,mono1_mol,mono2_mol,solvent,can_smiles_solvent,solvent_mol,solub_code,ratio_solute1,ratio_solute2,solub_code_to_onehot,Train/Valid/Test,predicted_prob,predicted
13,"Poly(ethylene-co-1-cyano-1,4-butylene)","[0.3333333333333333, 0.6666666666666666]",generic,ethylene,"1-cyano-1,4-butylene",C=C,CCCCC#N,<rdkit.Chem.rdchem.Mol object at 0x7f7b9c38bdb0>,<rdkit.Chem.rdchem.Mol object at 0x7f7b9c3a3450>,chloroform,ClC(Cl)Cl,<rdkit.Chem.rdchem.Mol object at 0x7f7b9c340180>,1,0.3333333333333333,0.6666666666666666,[0. 1.],Train,[0.00542527 0.9945747 ],1
238,Poly(N-vinylpyrrolidone-co-1-hexadecene),"[0.3333333333333333, 0.6666666666666666]",generic,N-vinylpyrrolidone,1-hexadecene,C=CN1CCCC1=O,C=CCCCCCCCCCCCCCC,<rdkit.Chem.rdchem.Mol object at 0x7f7b9c39f0e0>,<rdkit.Chem.rdchem.Mol object at 0x7f7b9c3b3720>,n-Propanol,CCCO,<rdkit.Chem.rdchem.Mol object at 0x7f7b9c351450>,0,0.3333333333333333,0.6666666666666666,[1. 0.],Train,[0.0053561 0.9946439],1
52,Poly(styrene-co-allyl alcohol),"[0.94, 0.06]",generic,styrene,allyl alcohol,C=Cc1ccccc1,C=CCO,<rdkit.Chem.rdchem.Mol object at 0x7f7b9c390a40>,<rdkit.Chem.rdchem.Mol object at 0x7f7b9c3a70e0>,tetrahydrofuran,C1CCOC1,<rdkit.Chem.rdchem.Mol object at 0x7f7b9c340db0>,1,0.94,0.06,[0. 1.],Train,[0.51757705 0.48242295],0
186,"Poly(3-methyl-2,5-thiophenediyl)-b-poly(2-vinylpyrrolidone)","[0.5, 0.5]",block,"3-methyl-2,5-thiophenediyl",2-vinylpyrrolidone,Cc1ccsc1,C=CC1NCCC1=O,<rdkit.Chem.rdchem.Mol object at 0x7f7b9c39d2c0>,<rdkit.Chem.rdchem.Mol object at 0x7f7b9c3af900>,anisole,COc1ccccc1,<rdkit.Chem.rdchem.Mol object at 0x7f7b9c34c630>,1,0.5,0.5,[0. 1.],Train,[0.00256092 0.997439  ],1
12,"Poly(ethylene-co-1,4-hexadiene)","[0.97, 0.03]",generic,ethylene,"1,4-hexadiene",C=C,C=CCC=CC,<rdkit.Chem.rdchem.Mol object at 0x7f7b9c38bd60>,<rdkit.Chem.rdchem.Mol object at 0x7f7b9c3a3400>,toluene,Cc1ccccc1,<rdkit.Chem.rdchem.Mol object at 0x7f7b9c340130>,1,0.97,0.03,[0. 1.],Train,[0.31577542 0.68422455],1
40,"Poly(vinylidene chloride cyanide-alt-1,3-cyclohexadiene)","[0.5, 0.5]",alternating,vinylidene chloride cyanide,"1,3-cyclohexadiene",C=C(Cl)C#N,C1=CCCC=C1,<rdkit.Chem.rdchem.Mol object at 0x7f7b9c390680>,<rdkit.Chem.rdchem.Mol object at 0x7f7b9c3a3cc0>,chloroform,ClC(Cl)Cl,<rdkit.Chem.rdchem.Mol object at 0x7f7b9c3409f0>,1,0.5,0.5,[0. 1.],Train,[0.00696609 0.9930339 ],1
71,Poly(N-vinylpyrrolidone-co-acrylic acid),"[0.75, 0.25]",generic,N-vinylpyrrolidone,acrylic acid,C=CN1CCCC1=O,C=CC(=O)O,<rdkit.Chem.rdchem.Mol object at 0x7f7b9c393090>,<rdkit.Chem.rdchem.Mol object at 0x7f7b9c3a76d0>,n-methylpyrrolidone,CN1CCCC1=O,<rdkit.Chem.rdchem.Mol object at 0x7f7b9c344400>,1,0.75,0.25,[0. 1.],Train,[5.0141773e-04 9.9949861e-01],1
287,Polystyrene-b-poly(vinylpyridine),"[0.5, 0.5]",block,styrene,vinylpyridine,C=Cc1ccccc1,C=Cc1ccccn1,<rdkit.Chem.rdchem.Mol object at 0x7f7b9c39ff90>,<rdkit.Chem.rdchem.Mol object at 0x7f7b9c339630>,hexane,CCCCCC,<rdkit.Chem.rdchem.Mol object at 0x7f7b9c355360>,0,0.5,0.5,[1. 0.],Train,[0.03952609 0.9604739 ],1
288,Polypropylene-b-poly(methacrylic acid),"[0.6666666666666666, 0.3333333333333333]",block,propylene,methacrylic acid,C=CC,C=C(C)C(=O)O,<rdkit.Chem.rdchem.Mol object at 0x7f7b9c3a3040>,<rdkit.Chem.rdchem.Mol object at 0x7f7b9c339680>,methanol,CO,<rdkit.Chem.rdchem.Mol object at 0x7f7b9c3553b0>,0,0.6666666666666666,0.3333333333333333,[1. 0.],Train,[0.38980615 0.61019385],1
261,Poly(lysine-co-lactic acid),"[0.05, 0.95]",generic,lysine,lactic acid,NCCCC[C@H](N)C(=O)O,CC(O)C(=O)O,<rdkit.Chem.rdchem.Mol object at 0x7f7b9c39f810>,<rdkit.Chem.rdchem.Mol object at 0x7f7b9c3b3e50>,methanol,CO,<rdkit.Chem.rdchem.Mol object at 0x7f7b9c351b80>,0,0.05,0.95,[1. 0.],Train,[0.97953564 0.02046435],0
180,Poly(2-ethyl-2-oxazoline)-b-poly(lactic acid),"[0.6, 0.4]",block,2-ethyl-2-oxazoline,lactic acid,CCC1=NCCO1,CC(O)C(=O)O,<rdkit.Chem.rdchem.Mol object at 0x7f7b9c39d130>,<rdkit.Chem.rdchem.Mol object at 0x7f7b9c3af770>,chlorobenzene,Clc1ccccc1,<rdkit.Chem.rdchem.Mol object at 0x7f7b9c34c4a0>,1,0.6,0.4,[0. 1.],Train,[0.04270815 0.9572919 ],1
89,"Poly(carbonylethylene-co-carbonyl-1,2-propylene)","[0.7, 0.3]",generic,carbonylethylene,"carbonyl-1,2-propylene",C=C=C=O,CCCC=O,<rdkit.Chem.rdchem.Mol object at 0x7f7b9c393630>,<rdkit.Chem.rdchem.Mol object at 0x7f7b9c3a7c70>,methylene chloride,ClCCl,<rdkit.Chem.rdchem.Mol object at 0x7f7b9c3449a0>,1,0.7,0.3,[0. 1.],Train,[0.10035381 0.8996462 ],1
45,"Poly[tetrafluoroethylene-co-4,5-difluoro-2,2-bis(trifluoromethyl)-1,3-dioxole]","[0.35, 0.65]",generic,tetrafluoroethylene,"4,5-difluoro-2,2-bistrifluoromethyl-1,3-dioxole",FC(F)=C(F)F,FC1=C(F)OC(C(F)(F)F)(C(F)(F)F)O1,<rdkit.Chem.rdchem.Mol object at 0x7f7b9c390810>,<rdkit.Chem.rdchem.Mol object at 0x7f7b9c3a3e50>,perfluorooctane,FC(F)(F)C(F)(F)C(F)(F)C(F)(F)C(F)(F)C(F)(F)C(F)(F)C(F)(F)F,<rdkit.Chem.rdchem.Mol object at 0x7f7b9c340b80>,1,0.35,0.65,[0. 1.],Train,[2.683053e-12 1.000000e+00],1
211,Polystyrene-b-poly(2-vinylpyridine),"[0.5, 0.5]",block,styrene,2-vinylpyridine,C=Cc1ccccc1,C=Cc1ccccn1,<rdkit.Chem.rdchem.Mol object at 0x7f7b9c39d810>,<rdkit.Chem.rdchem.Mol object at 0x7f7b9c3afe50>,benzene,c1ccccc1,<rdkit.Chem.rdchem.Mol object at 0x7f7b9c34cb80>,1,0.5,0.5,[0. 1.],Train,[0.05433382 0.94566625],1
107,Poly(oxy-1-oxo-3-methyltrimethylene-co-oxy-1-oxotrimethylene),"[1.0, 0.0]",generic,oxy-1-oxo-3-methyltrimethylene,oxy-1-oxotrimethylene,CCC(=O)C=O,CC(=O)C=O,<rdkit.Chem.rdchem.Mol object at 0x7f7b9c393bd0>,<rdkit.Chem.rdchem.Mol object at 0x7f7b9c3aa270>,chloroform,ClC(Cl)Cl,<rdkit.Chem.rdchem.Mol object at 0x7f7b9c344f40>,1,1.0,0.0,[0. 1.],Train,[0.34404147 0.65595853],1
39,Poly(vinyl alcohol-co-vinyl pentanal),"[0.5, 0.5]",generic,vinyl alcohol,vinyl pentanal,C=CO,C=CC(C=O)CCC,<rdkit.Chem.rdchem.Mol object at 0x7f7b9c390630>,<rdkit.Chem.rdchem.Mol object at 0x7f7b9c3a3c70>,chloroform,ClC(Cl)Cl,<rdkit.Chem.rdchem.Mol object at 0x7f7b9c3409a0>,1,0.5,0.5,[0. 1.],Train,[0.00866727 0.9913327 ],1
74,Poly(N-vinylpyrrolidone-co-vinyl acetate),"[0.4, 0.6]",generic,N-vinylpyrrolidone,vinyl acetate,C=CN1CCCC1=O,C=COC(C)=O,<rdkit.Chem.rdchem.Mol object at 0x7f7b9c393180>,<rdkit.Chem.rdchem.Mol object at 0x7f7b9c3a77c0>,ethanol,CCO,<rdkit.Chem.rdchem.Mol object at 0x7f7b9c3444f0>,1,0.4,0.6,[0. 1.],Train,[0.01579288 0.98420715],1
227,"Poly(vinylidene chloride cyanide-alt-1,3-cyclohexadiene)","[0.5, 0.5]",alternating,vinylidene chloride cyanide,"1,3-cyclohexadiene",C=C(Cl)C#N,C1=CCCC=C1,<rdkit.Chem.rdchem.Mol object at 0x7f7b9c39dd10>,<rdkit.Chem.rdchem.Mol object at 0x7f7b9c3b33b0>,pentane,CCCCC,<rdkit.Chem.rdchem.Mol object at 0x7f7b9c3510e0>,0,0.5,0.5,[1. 0.],Train,[0.08040088 0.9195991 ],1
181,Poly(2-ethyl-2-oxazoline)-b-poly(lactic acid),"[0.6666666666666666, 0.3333333333333333]",block,2-ethyl-2-oxazoline,lactic acid,CCC1=NCCO1,CC(O)C(=O)O,<rdkit.Chem.rdchem.Mol object at 0x7f7b9c39d180>,<rdkit.Chem.rdchem.Mol object at 0x7f7b9c3af7c0>,chlorobenzene,Clc1ccccc1,<rdkit.Chem.rdchem.Mol object at 0x7f7b9c34c4f0>,1,0.6666666666666666,0.3333333333333333,[0. 1.],Train,[0.09621359 0.90378636],1
173,Poly(2-cinnamoylethyl methacrylate)-b-poly(acrylic acid),"[0.4444444444444444, 0.5555555555555556]",block,2-cinnamoylethyl methacrylate,acrylic acid,C=C(C)C(=O)OCCC(=O)C=Cc1ccccc1,C=CC(=O)O,<rdkit.Chem.rdchem.Mol object at 0x7f7b9c39d040>,<rdkit.Chem.rdchem.Mol object at 0x7f7b9c3af680>,methanol,CO,<rdkit.Chem.rdchem.Mol object at 0x7f7b9c34c3b0>,1,0.4444444444444444,0.5555555555555556,[0. 1.],Train,[0.59389555 0.40610445],0
188,Poly(oxytetramethylene)-b-poly(e-caprolactone),"[0.2, 0.8]",block,oxytetramethylene,e-caprolactone,CCCCO,O=C1CCCCCO1,<rdkit.Chem.rdchem.Mol object at 0x7f7b9c39d360>,<rdkit.Chem.rdchem.Mol object at 0x7f7b9c3af9a0>,toluene,Cc1ccccc1,<rdkit.Chem.rdchem.Mol object at 0x7f7b9c34c6d0>,1,0.2,0.8,[0. 1.],Train,[0.00607007 0.99393   ],1
270,Poly(maleic anhydride-alt-methyl vinyl ether),"[0.5, 0.5]",alternating,maleic anhydride,methyl vinyl ether,O=C1C=CC(=O)O1,C=COC,<rdkit.Chem.rdchem.Mol object at 0x7f7b9c39fae0>,<rdkit.Chem.rdchem.Mol object at 0x7f7b9c339180>,hexane,CCCCCC,<rdkit.Chem.rdchem.Mol object at 0x7f7b9c351e50>,0,0.5,0.5,[1. 0.],Train,[0.53022414 0.46977592],0
216,Polypropylene-b-poly(methacrylic acid),"[0.6666666666666666, 0.3333333333333333]",block,propylene,methacrylic acid,C=CC,C=C(C)C(=O)O,<rdkit.Chem.rdchem.Mol object at 0x7f7b9c39d9a0>,<rdkit.Chem.rdchem.Mol object at 0x7f7b9c3b3040>,toluene,Cc1ccccc1,<rdkit.Chem.rdchem.Mol object at 0x7f7b9c34cd10>,1,0.6666666666666666,0.3333333333333333,[0. 1.],Train,[0.061318 0.938682],1
242,Poly(N-vinylformamide-co-methyl 3-phenyl-2-cyanopropenoate),"[0.5, 0.5]",generic,N-vinylformamide,methyl 3-phenyl-2-cyanopropenoate,C=CNC=O,COC(=O)C(C#N)=Cc1ccccc1,<rdkit.Chem.rdchem.Mol object at 0x7f7b9c39f220>,<rdkit.Chem.rdchem.Mol object at 0x7f7b9c3b3860>,diethyl ether,CCOCC,<rdkit.Chem.rdchem.Mol object at 0x7f7b9c351590>,0,0.5,0.5,[1. 0.],Train,[0.0114845  0.98851556],1
103,"Poly(oxycarbonyl-1,2-propylene-co-oxyethylenecarbonyloxyethylene)","[0.9, 0.1]",generic,"oxycarbonyl-1,2-propylene",oxyethylenecarbonyloxyethylene,CCCOC=O,C=COC(=O)C=C=O,<rdkit.Chem.rdchem.Mol object at 0x7f7b9c393a90>,<rdkit.Chem.rdchem.Mol object at 0x7f7b9c3aa130>,chloroform,ClC(Cl)Cl,<rdkit.Chem.rdchem.Mol object at 0x7f7b9c344e00>,1,0.9,0.1,[0. 1.],Train,[0.260267   0.73973304],1
286,Polystyrene-b-poly(dimethylsiloxane),"[0.3, 0.7]",block,styrene,dimethylsiloxane,C=Cc1ccccc1,C[SiH](C)O[SiH3],<rdkit.Chem.rdchem.Mol object at 0x7f7b9c39ff40>,<rdkit.Chem.rdchem.Mol object at 0x7f7b9c3395e0>,Water,O,<rdkit.Chem.rdchem.Mol object at 0x7f7b9c355310>,0,0.3,0.7,[1. 0.],Train,[0.7906656 0.2093344],0
222,"Poly(phenyl vinyl ether-alt-2-phenyl-1,1-dicyanoethylene)","[0.5, 0.5]",alternating,phenyl vinyl ether,"2-phenyl-1,1-dicyanoethylene",C=COc1ccccc1,N#CC(C#N)=Cc1ccccc1,<rdkit.Chem.rdchem.Mol object at 0x7f7b9c39db80>,<rdkit.Chem.rdchem.Mol object at 0x7f7b9c3b3220>,hexane,CCCCCC,<rdkit.Chem.rdchem.Mol object at 0x7f7b9c34cef0>,0,0.5,0.5,[1. 0.],Train,[0.03506762 0.9649324 ],1
94,"Poly[oxy-3,5-bis(4-carboxyphenyl)-1,4-phenylene-co-oxy-3,5-bis(phenyl)-1,4-phenylene]","[0.38, 0.62]",generic,"oxy-3,5-bis4-carboxyphenyl-1,4-phenylene","oxy-3,5-bisphenyl-1,4-phenylene",O=C(O)c1ccc(C2=CC(c3ccc(C(=O)O)cc3)C(=O)C=C2)cc1,O=C1C=CC(c2ccccc2)=CC1c1ccccc1,<rdkit.Chem.rdchem.Mol object at 0x7f7b9c3937c0>,<rdkit.Chem.rdchem.Mol object at 0x7f7b9c3a7e00>,"n,N-dimethylformamide",CN(C)C=O,<rdkit.Chem.rdchem.Mol object at 0x7f7b9c344b30>,1,0.38,0.62,[0. 1.],Train,[6.077161e-04 9.993923e-01],1
20,Poly(methyl methacrylate-co-2-acrylamido-2-methyl-1-propanesulfonic acid),"[0.95, 0.05]",generic,methyl methacrylate,2-acrylamido-2-methyl-1-propanesulfonic acid,C=C(C)C(=O)OC,C=CC(=O)NC(C)(C)CS(=O)(=O)O,<rdkit.Chem.rdchem.Mol object at 0x7f7b9c390040>,<rdkit.Chem.rdchem.Mol object at 0x7f7b9c3a3680>,toluene,Cc1ccccc1,<rdkit.Chem.rdchem.Mol object at 0x7f7b9c3403b0>,1,0.95,0.05,[0. 1.],Train,[0.87453836 0.12546164],0
224,Poly(vinyl alcohol-co-ethylene),"[0.5, 0.5]",generic,vinyl alcohol,ethylene,C=CO,C=C,<rdkit.Chem.rdchem.Mol object at 0x7f7b9c39dc20>,<rdkit.Chem.rdchem.Mol object at 0x7f7b9c3b32c0>,methylene chloride,ClCCl,<rdkit.Chem.rdchem.Mol object at 0x7f7b9c34cf90>,0,0.5,0.5,[1. 0.],Train,[0.24343802 0.756562  ],1
246,"Poly[oxy-3,5-bis(4-carboxyphenyl)-1,4-phenylene-co-oxy-3,5-bis(phenyl)-1,4-phenylene]","[0.13, 0.87]",generic,"oxy-3,5-bis4-carboxyphenyl-1,4-phenylene","oxy-3,5-bisphenyl-1,4-phenylene",O=C(O)c1ccc(C2=CC(c3ccc(C(=O)O)cc3)C(=O)C=C2)cc1,O=C1C=CC(c2ccccc2)=CC1c1ccccc1,<rdkit.Chem.rdchem.Mol object at 0x7f7b9c39f360>,<rdkit.Chem.rdchem.Mol object at 0x7f7b9c3b39a0>,chloroform,ClC(Cl)Cl,<rdkit.Chem.rdchem.Mol object at 0x7f7b9c3516d0>,0,0.13,0.87,[1. 0.],Train,[0.95202607 0.04797393],0
121,"Poly(1,3-hexadiene-co-sulfur dioxide)","[0.25, 0.75]",generic,"1,3-hexadiene",sulfur dioxide,C=CC=CCC,O=S=O,<rdkit.Chem.rdchem.Mol object at 0x7f7b9c398090>,<rdkit.Chem.rdchem.Mol object at 0x7f7b9c3aa6d0>,acetone,CC(C)=O,<rdkit.Chem.rdchem.Mol object at 0x7f7b9c348400>,1,0.25,0.75,[0. 1.],Train,[4.5889217e-04 9.9954116e-01],1
184,Polyisobutylene-b-poly(a-methylstyrene),"[0.9, 0.1]",block,isobutylene,a-methylstyrene,C=C(C)C,C=C(C)c1ccccc1,<rdkit.Chem.rdchem.Mol object at 0x7f7b9c39d270>,<rdkit.Chem.rdchem.Mol object at 0x7f7b9c3af8b0>,chloroform,ClC(Cl)Cl,<rdkit.Chem.rdchem.Mol object at 0x7f7b9c34c5e0>,1,0.9,0.1,[0. 1.],Train,[0.06914213 0.93085784],1
182,Poly(3-hydroxybutyric acid)-b-poly(e-caprolactone),"[0.375, 0.625]",block,3-hydroxybutyric acid,e-caprolactone,CC(O)CC(=O)O,O=C1CCCCCO1,<rdkit.Chem.rdchem.Mol object at 0x7f7b9c39d1d0>,<rdkit.Chem.rdchem.Mol object at 0x7f7b9c3af810>,chloroform,ClC(Cl)Cl,<rdkit.Chem.rdchem.Mol object at 0x7f7b9c34c540>,1,0.375,0.625,[0. 1.],Train,[0.00594004 0.99406   ],1
248,"Poly[oxy-3,5-bis(4-carboxyphenyl)-1,4-phenylene-co-oxy-3,5-bis(phenyl)-1,4-phenylene]","[0.13, 0.87]",generic,"oxy-3,5-bis4-carboxyphenyl-1,4-phenylene","oxy-3,5-bisphenyl-1,4-phenylene",O=C(O)c1ccc(C2=CC(c3ccc(C(=O)O)cc3)C(=O)C=C2)cc1,O=C1C=CC(c2ccccc2)=CC1c1ccccc1,<rdkit.Chem.rdchem.Mol object at 0x7f7b9c39f400>,<rdkit.Chem.rdchem.Mol object at 0x7f7b9c3b3a40>,toluene,Cc1ccccc1,<rdkit.Chem.rdchem.Mol object at 0x7f7b9c351770>,0,0.13,0.87,[1. 0.],Train,[0.07663426 0.9233658 ],1
273,"Poly(2,5-thiophenediyl-co-dimethylsilylene)","[0.75, 0.25]",generic,"2,5-thiophenediyl",dimethylsilylene,c1ccsc1,C[Si]C,<rdkit.Chem.rdchem.Mol object at 0x7f7b9c39fbd0>,<rdkit.Chem.rdchem.Mol object at 0x7f7b9c339270>,methanol,CO,<rdkit.Chem.rdchem.Mol object at 0x7f7b9c351f40>,0,0.75,0.25,[1. 0.],Train,[0.6953113 0.3046887],0
276,Poly(2-ethyl-2-oxazoline)-b-poly(lactic acid),"[0.6, 0.4]",block,2-ethyl-2-oxazoline,lactic acid,CCC1=NCCO1,CC(O)C(=O)O,<rdkit.Chem.rdchem.Mol object at 0x7f7b9c39fc70>,<rdkit.Chem.rdchem.Mol object at 0x7f7b9c339310>,hexane,CCCCCC,<rdkit.Chem.rdchem.Mol object at 0x7f7b9c355040>,0,0.6,0.4,[1. 0.],Train,[0.12083654 0.8791634 ],1
219,Poly(N-dodecylacrylamide-co-N-vinylcarbazole),"[0.9375, 0.0625]",generic,N-dodecylacrylamide,N-vinylcarbazole,C=CC(=O)NCCCCCCCCCCCC,C=Cn1c2ccccc2c2ccccc21,<rdkit.Chem.rdchem.Mol object at 0x7f7b9c39da90>,<rdkit.Chem.rdchem.Mol object at 0x7f7b9c3b3130>,acrylonitrile,C=CC#N,<rdkit.Chem.rdchem.Mol object at 0x7f7b9c34ce00>,0,0.9375,0.0625,[1. 0.],Train,[0.99513876 0.00486119],0
160,Poly(maleic anhydride-alt-1-octadecene),"[0.5, 0.5]",alternating,maleic anhydride,1-octadecene,O=C1C=CC(=O)O1,C=CCCCCCCCCCCCCCCCC,<rdkit.Chem.rdchem.Mol object at 0x7f7b9c398cc0>,<rdkit.Chem.rdchem.Mol object at 0x7f7b9c3af360>,ethyl acetate,CCOC(C)=O,<rdkit.Chem.rdchem.Mol object at 0x7f7b9c34c090>,1,0.5,0.5,[0. 1.],Train,[3.6329639e-05 9.9996364e-01],1
195,Polystyrene-b-poly(dimethylsiloxane),"[0.3, 0.7]",block,styrene,dimethylsiloxane,C=Cc1ccccc1,C[SiH](C)O[SiH3],<rdkit.Chem.rdchem.Mol object at 0x7f7b9c39d4f0>,<rdkit.Chem.rdchem.Mol object at 0x7f7b9c3afb30>,dioxane,C1COCCO1,<rdkit.Chem.rdchem.Mol object at 0x7f7b9c34c860>,1,0.3,0.7,[0. 1.],Train,[3.4440687e-04 9.9965560e-01],1
280,Polyisobutylene-b-poly(a-methylstyrene),"[0.9, 0.1]",block,isobutylene,a-methylstyrene,C=C(C)C,C=C(C)c1ccccc1,<rdkit.Chem.rdchem.Mol object at 0x7f7b9c39fdb0>,<rdkit.Chem.rdchem.Mol object at 0x7f7b9c339450>,methanol,CO,<rdkit.Chem.rdchem.Mol object at 0x7f7b9c355180>,0,0.9,0.1,[1. 0.],Train,[0.41682336 0.5831766 ],1
123,"Poly(1,3-hexadiene-co-sulfur dioxide)","[0.25, 0.75]",generic,"1,3-hexadiene",sulfur dioxide,C=CC=CCC,O=S=O,<rdkit.Chem.rdchem.Mol object at 0x7f7b9c398130>,<rdkit.Chem.rdchem.Mol object at 0x7f7b9c3aa770>,"n,n-dimethylacetamide",CC(=O)N(C)C,<rdkit.Chem.rdchem.Mol object at 0x7f7b9c3484a0>,1,0.25,0.75,[0. 1.],Train,[2.4306104e-05 9.9997568e-01],1
200,Polystyrene-b-poly(hydroxyethyl methacrylate),"[0.4, 0.6]",block,styrene,hydroxyethyl methacrylate,C=Cc1ccccc1,C=C(C)C(=O)OCCO,<rdkit.Chem.rdchem.Mol object at 0x7f7b9c39d680>,<rdkit.Chem.rdchem.Mol object at 0x7f7b9c3afcc0>,tetrahydrofuran,C1CCOC1,<rdkit.Chem.rdchem.Mol object at 0x7f7b9c34c9f0>,1,0.4,0.6,[0. 1.],Train,[5.746364e-04 9.994254e-01],1
34,"Poly(phenyl vinyl ether-alt-2-phenyl-1,1-dicyanoethylene)","[0.5, 0.5]",alternating,phenyl vinyl ether,"2-phenyl-1,1-dicyanoethylene",C=COc1ccccc1,N#CC(C#N)=Cc1ccccc1,<rdkit.Chem.rdchem.Mol object at 0x7f7b9c3904a0>,<rdkit.Chem.rdchem.Mol object at 0x7f7b9c3a3ae0>,"n,n-dimethylformamide",CN(C)C=O,<rdkit.Chem.rdchem.Mol object at 0x7f7b9c340810>,1,0.5,0.5,[0. 1.],Train,[7.6765384e-05 9.9992323e-01],1
109,Poly(3-hydroxybutyric acid-co-3-hydroxypropionic acid),"[0.5, 0.5]",generic,3-hydroxybutyric acid,3-hydroxypropionic acid,CC(O)CC(=O)O,O=C(O)CCO,<rdkit.Chem.rdchem.Mol object at 0x7f7b9c393c70>,<rdkit.Chem.rdchem.Mol object at 0x7f7b9c3aa310>,chloroform,ClC(Cl)Cl,<rdkit.Chem.rdchem.Mol object at 0x7f7b9c348040>,1,0.5,0.5,[0. 1.],Train,[0.01392067 0.9860793 ],1
36,"Poly(phenyl vinyl ether-alt-2-phenyl-1,1-dicyanoethylene)","[0.5, 0.5]",alternating,phenyl vinyl ether,"2-phenyl-1,1-dicyanoethylene",C=COc1ccccc1,N#CC(C#N)=Cc1ccccc1,<rdkit.Chem.rdchem.Mol object at 0x7f7b9c390540>,<rdkit.Chem.rdchem.Mol object at 0x7f7b9c3a3b80>,tetrahydrofuran,C1CCOC1,<rdkit.Chem.rdchem.Mol object at 0x7f7b9c3408b0>,1,0.5,0.5,[0. 1.],Train,[5.1277468e-04 9.9948716e-01],1
256,Poly(oxy-1-oxo-3-methyltrimethylene-co-oxy-1-oxotrimethylene),"[0.25, 0.75]",generic,oxy-1-oxo-3-methyltrimethylene,oxy-1-oxotrimethylene,CCC(=O)C=O,CC(=O)C=O,<rdkit.Chem.rdchem.Mol object at 0x7f7b9c39f680>,<rdkit.Chem.rdchem.Mol object at 0x7f7b9c3b3cc0>,methanol,CO,<rdkit.Chem.rdchem.Mol object at 0x7f7b9c3519f0>,0,0.25,0.75,[1. 0.],Train,[0.39054346 0.6094565 ],1
0,Poly(butadiene-co-styrene),"[0.7, 0.3]",generic,butadiene,styrene,C=CC=C,C=Cc1ccccc1,<rdkit.Chem.rdchem.Mol object at 0x7f7b9c38ba40>,<rdkit.Chem.rdchem.Mol object at 0x7f7b9c3a3090>,benzene,c1ccccc1,<rdkit.Chem.rdchem.Mol object at 0x7f7b9c3396d0>,1,0.7,0.3,[0. 1.],Train,[0.11818815 0.8818118 ],1
244,Poly(N-vinylformamide-co-methyl 3-phenyl-2-cyanopropenoate),"[0.5, 0.5]",generic,N-vinylformamide,methyl 3-phenyl-2-cyanopropenoate,C=CNC=O,COC(=O)C(C#N)=Cc1ccccc1,<rdkit.Chem.rdchem.Mol object at 0x7f7b9c39f2c0>,<rdkit.Chem.rdchem.Mol object at 0x7f7b9c3b3900>,methylene chloride,ClCCl,<rdkit.Chem.rdchem.Mol object at 0x7f7b9c351630>,0,0.5,0.5,[1. 0.],Train,[0.5002204  0.49977958],0
68,Poly(styrene-co-4-thiomethylstyrene),"[0.95, 0.05]",generic,styrene,4-thiomethylstyrene,C=Cc1ccccc1,C=Cc1ccc(C=S)cc1,<rdkit.Chem.rdchem.Mol object at 0x7f7b9c390f40>,<rdkit.Chem.rdchem.Mol object at 0x7f7b9c3a75e0>,tetrahydrofuran,C1CCOC1,<rdkit.Chem.rdchem.Mol object at 0x7f7b9c344310>,1,0.95,0.05,[0. 1.],Train,[0.6161418 0.3838582],0
17,"Poly[hexene-co-N,N-di(isopropyl)amino-1-pentene]","[0.4, 0.6]",generic,hexene,"N,N-diisopropylamino-1-pentene",C=CCCCC,C=CCCCN(C(C)C)C(C)C,<rdkit.Chem.rdchem.Mol object at 0x7f7b9c38bef0>,<rdkit.Chem.rdchem.Mol object at 0x7f7b9c3a3590>,hexane,CCCCCC,<rdkit.Chem.rdchem.Mol object at 0x7f7b9c3402c0>,1,0.4,0.6,[0. 1.],Train,[0.04846396 0.951536  ],1
153,Poly(maleic anhydride-co-styrene),"[0.75, 0.25]",generic,maleic anhydride,styrene,O=C1C=CC(=O)O1,C=Cc1ccccc1,<rdkit.Chem.rdchem.Mol object at 0x7f7b9c398a90>,<rdkit.Chem.rdchem.Mol object at 0x7f7b9c3af130>,acetone,CC(C)=O,<rdkit.Chem.rdchem.Mol object at 0x7f7b9c348e00>,1,0.75,0.25,[0. 1.],Train,[0.11825135 0.8817487 ],1
79,Poly(N-vinylformamide-co-methyl 3-phenyl-2-cyanopropenoate),"[0.5, 0.5]",generic,N-vinylformamide,methyl 3-phenyl-2-cyanopropenoate,C=CNC=O,COC(=O)C(C#N)=Cc1ccccc1,<rdkit.Chem.rdchem.Mol object at 0x7f7b9c393310>,<rdkit.Chem.rdchem.Mol object at 0x7f7b9c3a7950>,"n,N-dimethylformamide",CN(C)C=O,<rdkit.Chem.rdchem.Mol object at 0x7f7b9c344680>,1,0.5,0.5,[0. 1.],Train,[1.241556e-04 9.998758e-01],1
86,Poly(4-vinylpyridine-co-styrene),"[0.6, 0.4]",generic,4-vinylpyridine,styrene,C=Cc1ccncc1,C=Cc1ccccc1,<rdkit.Chem.rdchem.Mol object at 0x7f7b9c393540>,<rdkit.Chem.rdchem.Mol object at 0x7f7b9c3a7b80>,tetrahydrofuran,C1CCOC1,<rdkit.Chem.rdchem.Mol object at 0x7f7b9c3448b0>,1,0.6,0.4,[0. 1.],Train,[0.04161821 0.9583817 ],1
208,Polystyrene-b-poly(methyl methacrylate),"[0.7, 0.3]",block,styrene,methyl methacrylate,C=Cc1ccccc1,C=C(C)C(=O)OC,<rdkit.Chem.rdchem.Mol object at 0x7f7b9c39d720>,<rdkit.Chem.rdchem.Mol object at 0x7f7b9c3afd60>,toluene,Cc1ccccc1,<rdkit.Chem.rdchem.Mol object at 0x7f7b9c34ca90>,1,0.7,0.3,[0. 1.],Train,[0.29482588 0.7051741 ],1
48,Poly(acrylonitrile-co-butadiene),"[0.4, 0.6]",generic,acrylonitrile,butadiene,C=CC#N,C=CC=C,<rdkit.Chem.rdchem.Mol object at 0x7f7b9c390900>,<rdkit.Chem.rdchem.Mol object at 0x7f7b9c3a3f40>,methyl ethyl ketone,CCC(C)=O,<rdkit.Chem.rdchem.Mol object at 0x7f7b9c340c70>,1,0.4,0.6,[0. 1.],Train,[0.00101319 0.9989868 ],1
236,Poly(N-vinylpyrrolidone-co-acrylic acid),"[0.75, 0.25]",generic,N-vinylpyrrolidone,acrylic acid,C=CN1CCCC1=O,C=CC(=O)O,<rdkit.Chem.rdchem.Mol object at 0x7f7b9c39f040>,<rdkit.Chem.rdchem.Mol object at 0x7f7b9c3b3680>,tetrahydrofuran,C1CCOC1,<rdkit.Chem.rdchem.Mol object at 0x7f7b9c3513b0>,0,0.75,0.25,[1. 0.],Train,[0.34124553 0.6587544 ],1
117,Poly(1-butene-co-sulfur dioxide),"[0.5, 0.5]",generic,1-butene,sulfur dioxide,C=CCC,O=S=O,<rdkit.Chem.rdchem.Mol object at 0x7f7b9c393ef0>,<rdkit.Chem.rdchem.Mol object at 0x7f7b9c3aa590>,cyclohexanone,O=C1CCCCC1,<rdkit.Chem.rdchem.Mol object at 0x7f7b9c3482c0>,1,0.5,0.5,[0. 1.],Train,[1.1764247e-04 9.9988234e-01],1
108,Poly(oxy-1-oxo-3-methyltrimethylene-co-oxy-1-oxotrimethylene),"[0.25, 0.75]",generic,oxy-1-oxo-3-methyltrimethylene,oxy-1-oxotrimethylene,CCC(=O)C=O,CC(=O)C=O,<rdkit.Chem.rdchem.Mol object at 0x7f7b9c393c20>,<rdkit.Chem.rdchem.Mol object at 0x7f7b9c3aa2c0>,chloroform,ClC(Cl)Cl,<rdkit.Chem.rdchem.Mol object at 0x7f7b9c344f90>,1,0.25,0.75,[0. 1.],Train,[0.00888392 0.99111605],1
196,Polystyrene-b-poly(hexyl isocyanate),"[0.2, 0.8]",block,styrene,hexyl isocyanate,C=Cc1ccccc1,CCCCCCN=C=O,<rdkit.Chem.rdchem.Mol object at 0x7f7b9c39d540>,<rdkit.Chem.rdchem.Mol object at 0x7f7b9c3afb80>,carbon tetrachloride,ClC(Cl)(Cl)Cl,<rdkit.Chem.rdchem.Mol object at 0x7f7b9c34c8b0>,1,0.2,0.8,[0. 1.],Train,[1.0022644e-04 9.9989974e-01],1
67,Poly(styrene-alt-maleimide),"[0.5, 0.5]",alternating,styrene,maleimide,C=Cc1ccccc1,O=C1C=CC(=O)N1,<rdkit.Chem.rdchem.Mol object at 0x7f7b9c390ef0>,<rdkit.Chem.rdchem.Mol object at 0x7f7b9c3a7590>,tetrahydrofuran,C1CCOC1,<rdkit.Chem.rdchem.Mol object at 0x7f7b9c3442c0>,1,0.5,0.5,[0. 1.],Train,[0.00168377 0.9983163 ],1
267,Poly(maleic anhydride-alt-2-propenylisocyanate),"[0.5, 0.5]",alternating,maleic anhydride,2-propenylisocyanate,O=C1C=CC(=O)O1,C=CCN=C=O,<rdkit.Chem.rdchem.Mol object at 0x7f7b9c39f9f0>,<rdkit.Chem.rdchem.Mol object at 0x7f7b9c339090>,benzene,c1ccccc1,<rdkit.Chem.rdchem.Mol object at 0x7f7b9c351d60>,0,0.5,0.5,[1. 0.],Train,[0.15082133 0.8491787 ],1
172,Poly(butyl vinyl ether)-b-poly(2-ethyloxazoline),"[0.5, 0.5]",block,butyl vinyl ether,2-ethyloxazoline,C=COCCCC,CCC1=NCCO1,<rdkit.Chem.rdchem.Mol object at 0x7f7b9c398f90>,<rdkit.Chem.rdchem.Mol object at 0x7f7b9c3af630>,tetrahydrofuran,C1CCOC1,<rdkit.Chem.rdchem.Mol object at 0x7f7b9c34c360>,1,0.5,0.5,[0. 1.],Train,[0.00484372 0.9951563 ],1
249,"Poly[oxy-3,5-bis(4-carboxyphenyl)-1,4-phenylene-co-oxy-3,5-bis(phenyl)-1,4-phenylene]","[0.38, 0.62]",generic,"oxy-3,5-bis4-carboxyphenyl-1,4-phenylene","oxy-3,5-bisphenyl-1,4-phenylene",O=C(O)c1ccc(C2=CC(c3ccc(C(=O)O)cc3)C(=O)C=C2)cc1,O=C1C=CC(c2ccccc2)=CC1c1ccccc1,<rdkit.Chem.rdchem.Mol object at 0x7f7b9c39f450>,<rdkit.Chem.rdchem.Mol object at 0x7f7b9c3b3a90>,toluene,Cc1ccccc1,<rdkit.Chem.rdchem.Mol object at 0x7f7b9c3517c0>,0,0.38,0.62,[1. 0.],Train,[0.00468429 0.9953157 ],1
162,"Poly(2,5-thiophenediyl-co-3-undecyl-2,5-thiophenediyl)","[0.5, 0.5]",generic,"2,5-thiophenediyl","3-undecyl-2,5-thiophenediyl",c1ccsc1,CCCCCCCCCCCc1ccsc1,<rdkit.Chem.rdchem.Mol object at 0x7f7b9c398d60>,<rdkit.Chem.rdchem.Mol object at 0x7f7b9c3af400>,nitrobenzene,O=[N+]([O-])c1ccccc1,<rdkit.Chem.rdchem.Mol object at 0x7f7b9c34c130>,1,0.5,0.5,[0. 1.],Train,[2.7410734e-09 1.0000000e+00],1
171,Poly(butyl vinyl ether)-b-poly(2-ethyloxazoline),"[0.5, 0.5]",block,butyl vinyl ether,2-ethyloxazoline,C=COCCCC,CCC1=NCCO1,<rdkit.Chem.rdchem.Mol object at 0x7f7b9c398f40>,<rdkit.Chem.rdchem.Mol object at 0x7f7b9c3af5e0>,chlorobenzene,Clc1ccccc1,<rdkit.Chem.rdchem.Mol object at 0x7f7b9c34c310>,1,0.5,0.5,[0. 1.],Train,[0.02154231 0.9784576 ],1
118,Poly(butylethylene-co-sulfur dioxide),"[0.5, 0.5]",generic,butylethylene,sulfur dioxide,C=CCCCC,O=S=O,<rdkit.Chem.rdchem.Mol object at 0x7f7b9c393f40>,<rdkit.Chem.rdchem.Mol object at 0x7f7b9c3aa5e0>,benzene,c1ccccc1,<rdkit.Chem.rdchem.Mol object at 0x7f7b9c348310>,1,0.5,0.5,[0. 1.],Train,[0.24579631 0.7542037 ],1
120,Poly(butylethylene-co-sulfur dioxide),"[0.5, 0.5]",generic,butylethylene,sulfur dioxide,C=CCCCC,O=S=O,<rdkit.Chem.rdchem.Mol object at 0x7f7b9c398040>,<rdkit.Chem.rdchem.Mol object at 0x7f7b9c3aa680>,dioxane,C1COCCO1,<rdkit.Chem.rdchem.Mol object at 0x7f7b9c3483b0>,1,0.5,0.5,[0. 1.],Train,[2.9564323e-04 9.9970430e-01],1
15,"Poly(ethylene-co-1-cyano-1,4-butylene)","[0.3333333333333333, 0.6666666666666666]",generic,ethylene,"1-cyano-1,4-butylene",C=C,CCCCC#N,<rdkit.Chem.rdchem.Mol object at 0x7f7b9c38be50>,<rdkit.Chem.rdchem.Mol object at 0x7f7b9c3a34f0>,dimethyl sulfoxide,CS(C)=O,<rdkit.Chem.rdchem.Mol object at 0x7f7b9c340220>,1,0.3333333333333333,0.6666666666666666,[0. 1.],Train,[2.1835633e-04 9.9978167e-01],1
277,Poly(2-ethyl-2-oxazoline)-b-poly(lactic acid),"[0.6666666666666666, 0.3333333333333333]",block,2-ethyl-2-oxazoline,lactic acid,CCC1=NCCO1,CC(O)C(=O)O,<rdkit.Chem.rdchem.Mol object at 0x7f7b9c39fcc0>,<rdkit.Chem.rdchem.Mol object at 0x7f7b9c339360>,hexane,CCCCCC,<rdkit.Chem.rdchem.Mol object at 0x7f7b9c355090>,0,0.6666666666666666,0.3333333333333333,[1. 0.],Train,[0.16700362 0.83299637],1
22,Poly(butyl methacrylate-co-i-butyl methacrylate),"[0.5, 0.5]",generic,butyl methacrylate,i-butyl methacrylate,C=C(C)C(=O)OCCCC,C=C(C)C(=O)OCC(C)C,<rdkit.Chem.rdchem.Mol object at 0x7f7b9c3900e0>,<rdkit.Chem.rdchem.Mol object at 0x7f7b9c3a3720>,methyl ethyl ketone,CCC(C)=O,<rdkit.Chem.rdchem.Mol object at 0x7f7b9c340450>,1,0.5,0.5,[0. 1.],Train,[2.6434369e-04 9.9973565e-01],1
90,Poly(carbon monoxide-co-styrene),"[0.5, 0.5]",generic,carbon monoxide,styrene,[C-]#[O+],C=Cc1ccccc1,<rdkit.Chem.rdchem.Mol object at 0x7f7b9c393680>,<rdkit.Chem.rdchem.Mol object at 0x7f7b9c3a7cc0>,chlorobenzene,Clc1ccccc1,<rdkit.Chem.rdchem.Mol object at 0x7f7b9c3449f0>,1,0.5,0.5,[0. 1.],Train,[0.00473367 0.9952663 ],1
57,Poly(styrene-co-acrylonitrile),"[0.6, 0.4]",generic,styrene,acrylonitrile,C=Cc1ccccc1,C=CC#N,<rdkit.Chem.rdchem.Mol object at 0x7f7b9c390bd0>,<rdkit.Chem.rdchem.Mol object at 0x7f7b9c3a7270>,tetrahydrofuran,C1CCOC1,<rdkit.Chem.rdchem.Mol object at 0x7f7b9c340f40>,1,0.6,0.4,[0. 1.],Train,[0.06871302 0.93128705],1
255,Poly(oxy-1-oxo-3-methyltrimethylene-co-oxy-1-oxotrimethylene),"[1.0, 0.0]",generic,oxy-1-oxo-3-methyltrimethylene,oxy-1-oxotrimethylene,CCC(=O)C=O,CC(=O)C=O,<rdkit.Chem.rdchem.Mol object at 0x7f7b9c39f630>,<rdkit.Chem.rdchem.Mol object at 0x7f7b9c3b3c70>,methanol,CO,<rdkit.Chem.rdchem.Mol object at 0x7f7b9c3519a0>,0,1.0,0.0,[1. 0.],Train,[0.8942771  0.10572288],0
56,Poly(styrene-co-acrylonitrile),"[0.6, 0.4]",generic,styrene,acrylonitrile,C=Cc1ccccc1,C=CC#N,<rdkit.Chem.rdchem.Mol object at 0x7f7b9c390b80>,<rdkit.Chem.rdchem.Mol object at 0x7f7b9c3a7220>,methanol,CO,<rdkit.Chem.rdchem.Mol object at 0x7f7b9c340ef0>,1,0.6,0.4,[0. 1.],Train,[0.32117525 0.6788247 ],1
133,Poly(aspartic acid-co-lactic acid),"[0.1, 0.9]",generic,aspartic acid,lactic acid,N[C@@H](CC(=O)O)C(=O)O,CC(O)C(=O)O,<rdkit.Chem.rdchem.Mol object at 0x7f7b9c398450>,<rdkit.Chem.rdchem.Mol object at 0x7f7b9c3aaa90>,methylene chloride,ClCCl,<rdkit.Chem.rdchem.Mol object at 0x7f7b9c3487c0>,1,0.1,0.9,[0. 1.],Train,[0.5658564  0.43414366],0
283,Polystyrene-b-poly(tert-butyl methacrylate),"[0.2, 0.8]",block,styrene,tert-butyl methacrylate,C=Cc1ccccc1,C=C(C)C(=O)OC(C)(C)C,<rdkit.Chem.rdchem.Mol object at 0x7f7b9c39fe50>,<rdkit.Chem.rdchem.Mol object at 0x7f7b9c3394f0>,hexane,CCCCCC,<rdkit.Chem.rdchem.Mol object at 0x7f7b9c355220>,0,0.2,0.8,[1. 0.],Train,[0.04957436 0.9504257 ],1
54,Poly(styrene-co-acrylonitrile),"[0.6, 0.4]",generic,styrene,acrylonitrile,C=Cc1ccccc1,C=CC#N,<rdkit.Chem.rdchem.Mol object at 0x7f7b9c390ae0>,<rdkit.Chem.rdchem.Mol object at 0x7f7b9c3a7180>,methyl ethyl ketone,CCC(C)=O,<rdkit.Chem.rdchem.Mol object at 0x7f7b9c340e50>,1,0.6,0.4,[0. 1.],Train,[0.00340748 0.99659246],1
265,Poly[N-(acetyl)iminoethylene-co-N-(3-thiopheneylcarbonyl)iminoethylene],"[0.5, 0.5]",generic,N-acetyliminoethylene,N-3-thiopheneylcarbonyliminoethylene,C=C=NC(C)=O,C=C=NC(=O)c1ccsc1,<rdkit.Chem.rdchem.Mol object at 0x7f7b9c39f950>,<rdkit.Chem.rdchem.Mol object at 0x7f7b9c3b3f90>,dimethyl sulfoxide,CS(C)=O,<rdkit.Chem.rdchem.Mol object at 0x7f7b9c351cc0>,0,0.5,0.5,[1. 0.],Train,[4.5158286e-04 9.9954838e-01],1
115,"Poly(butanediol-alt-diphenyl methane-1,4-diisocyanate)","[0.5, 0.5]",alternating,butanediol,"diphenyl methane-1,4-diisocyanate",CCCC(O)O,O=C=Nc1ccc(C(N=C=O)c2ccccc2)cc1,<rdkit.Chem.rdchem.Mol object at 0x7f7b9c393e50>,<rdkit.Chem.rdchem.Mol object at 0x7f7b9c3aa4f0>,"n,N-dimethylacetamide",CC(=O)N(C)C,<rdkit.Chem.rdchem.Mol object at 0x7f7b9c348220>,1,0.5,0.5,[0. 1.],Train,[1.6990396e-05 9.9998295e-01],1
164,"Poly(2,5-thiophenediyl-co-dimethylsilylene)","[0.75, 0.25]",generic,"2,5-thiophenediyl",dimethylsilylene,c1ccsc1,C[Si]C,<rdkit.Chem.rdchem.Mol object at 0x7f7b9c398e00>,<rdkit.Chem.rdchem.Mol object at 0x7f7b9c3af4a0>,dimethoxyethane,COC(C)OC,<rdkit.Chem.rdchem.Mol object at 0x7f7b9c34c1d0>,1,0.75,0.25,[0. 1.],Train,[0.00500568 0.99499434],1
102,"Poly(oxycarbonyl-1,2-propylene-co-oxyethylenecarbonyloxyethylene)","[0.9, 0.1]",generic,"oxycarbonyl-1,2-propylene",oxyethylenecarbonyloxyethylene,CCCOC=O,C=COC(=O)C=C=O,<rdkit.Chem.rdchem.Mol object at 0x7f7b9c393a40>,<rdkit.Chem.rdchem.Mol object at 0x7f7b9c3aa0e0>,chloroform,ClC(Cl)Cl,<rdkit.Chem.rdchem.Mol object at 0x7f7b9c344db0>,1,0.9,0.1,[0. 1.],Train,[0.2602665  0.73973346],1
214,Polypropylene-b-poly(methacrylic acid),"[0.6666666666666666, 0.3333333333333333]",block,propylene,methacrylic acid,C=CC,C=C(C)C(=O)O,<rdkit.Chem.rdchem.Mol object at 0x7f7b9c39d900>,<rdkit.Chem.rdchem.Mol object at 0x7f7b9c3aff40>,dioxane,C1COCCO1,<rdkit.Chem.rdchem.Mol object at 0x7f7b9c34cc70>,1,0.6666666666666666,0.3333333333333333,[0. 1.],Train,[2.3950066e-04 9.9976045e-01],1
49,Poly(acrylonitrile-co-butadiene),"[0.8, 0.2]",generic,acrylonitrile,butadiene,C=CC#N,C=CC=C,<rdkit.Chem.rdchem.Mol object at 0x7f7b9c390950>,<rdkit.Chem.rdchem.Mol object at 0x7f7b9c3a3f90>,methyl ethyl ketone,CCC(C)=O,<rdkit.Chem.rdchem.Mol object at 0x7f7b9c340cc0>,1,0.8,0.2,[0. 1.],Train,[0.01175101 0.98824894],1
285,Polystyrene-b-poly(dimethylsiloxane),"[0.1, 0.9]",block,styrene,dimethylsiloxane,C=Cc1ccccc1,C[SiH](C)O[SiH3],<rdkit.Chem.rdchem.Mol object at 0x7f7b9c39fef0>,<rdkit.Chem.rdchem.Mol object at 0x7f7b9c339590>,Water,O,<rdkit.Chem.rdchem.Mol object at 0x7f7b9c3552c0>,0,0.1,0.9,[1. 0.],Train,[0.8640233  0.13597672],0
18,Poly(vinylcyclohexane-co-methyl acrylate),"[0.9, 0.1]",generic,vinylcyclohexane,methyl acrylate,C=CC1CCCCC1,C=CC(=O)OC,<rdkit.Chem.rdchem.Mol object at 0x7f7b9c38bf40>,<rdkit.Chem.rdchem.Mol object at 0x7f7b9c3a35e0>,tetrahydrofuran,C1CCOC1,<rdkit.Chem.rdchem.Mol object at 0x7f7b9c340310>,1,0.9,0.1,[0. 1.],Train,[0.5452122 0.4547878],0
223,"Poly(phenyl vinyl ether-alt-2-phenyl-1,1-dicyanoethylene)","[0.5, 0.5]",alternating,phenyl vinyl ether,"2-phenyl-1,1-dicyanoethylene",C=COc1ccccc1,N#CC(C#N)=Cc1ccccc1,<rdkit.Chem.rdchem.Mol object at 0x7f7b9c39dbd0>,<rdkit.Chem.rdchem.Mol object at 0x7f7b9c3b3270>,methanol,CO,<rdkit.Chem.rdchem.Mol object at 0x7f7b9c34cf40>,0,0.5,0.5,[1. 0.],Train,[0.89934343 0.10065652],0
55,Poly(styrene-co-acrylonitrile),"[0.6, 0.4]",generic,styrene,acrylonitrile,C=Cc1ccccc1,C=CC#N,<rdkit.Chem.rdchem.Mol object at 0x7f7b9c390b30>,<rdkit.Chem.rdchem.Mol object at 0x7f7b9c3a71d0>,methylene chloride,ClCCl,<rdkit.Chem.rdchem.Mol object at 0x7f7b9c340ea0>,1,0.6,0.4,[0. 1.],Train,[0.25963202 0.740368  ],1
240,Poly(N-vinylpyrrolidone-co-vinyl alcohol),"[0.9285714285714286, 0.07142857142857142]",generic,N-vinylpyrrolidone,vinyl alcohol,C=CN1CCCC1=O,C=CO,<rdkit.Chem.rdchem.Mol object at 0x7f7b9c39f180>,<rdkit.Chem.rdchem.Mol object at 0x7f7b9c3b37c0>,diethyl ether,CCOCC,<rdkit.Chem.rdchem.Mol object at 0x7f7b9c3514f0>,0,0.9285714285714286,0.07142857142857142,[1. 0.],Train,[0.63023317 0.36976686],0
140,Poly(pyromellitic dianhydride-co-m-phenylenediamin),"[0.5, 0.5]",generic,pyromellitic dianhydride,m-phenylenediamin,O=c1oc(=O)c2cc3c(=O)oc(=O)c3cc12,Nc1cccc(N)c1,<rdkit.Chem.rdchem.Mol object at 0x7f7b9c398680>,<rdkit.Chem.rdchem.Mol object at 0x7f7b9c3aacc0>,dimethyl sulfoxide,CS(C)=O,<rdkit.Chem.rdchem.Mol object at 0x7f7b9c3489f0>,1,0.5,0.5,[0. 1.],Train,[4.3628097e-04 9.9956375e-01],1
151,Poly(maleic anhydride-alt-isopropenylisocyanate),"[0.5, 0.5]",alternating,maleic anhydride,isopropenylisocyanate,O=C1C=CC(=O)O1,C=C(C)N=C=O,<rdkit.Chem.rdchem.Mol object at 0x7f7b9c3989f0>,<rdkit.Chem.rdchem.Mol object at 0x7f7b9c3af090>,"n,n-dimethylformamide",CN(C)C=O,<rdkit.Chem.rdchem.Mol object at 0x7f7b9c348d60>,1,0.5,0.5,[0. 1.],Train,[3.3549854e-04 9.9966455e-01],1
149,"Poly(dimethylsilylene-co-1,3-dihydro-1,3-dimethyldisilazane)","[0.25, 0.75]",generic,dimethylsilylene,"1,3-dihydro-1,3-dimethyldisilazane",C[Si]C,C[SiH2]N[SiH2]C,<rdkit.Chem.rdchem.Mol object at 0x7f7b9c398950>,<rdkit.Chem.rdchem.Mol object at 0x7f7b9c3aaf90>,toluene,Cc1ccccc1,<rdkit.Chem.rdchem.Mol object at 0x7f7b9c348cc0>,1,0.25,0.75,[0. 1.],Train,[0.01028315 0.9897168 ],1
155,Poly(maleic anhydride-alt-methyl vinyl ether),"[0.5, 0.5]",alternating,maleic anhydride,methyl vinyl ether,O=C1C=CC(=O)O1,C=COC,<rdkit.Chem.rdchem.Mol object at 0x7f7b9c398b30>,<rdkit.Chem.rdchem.Mol object at 0x7f7b9c3af1d0>,methyl ethyl ketone,CCC(C)=O,<rdkit.Chem.rdchem.Mol object at 0x7f7b9c348ea0>,1,0.5,0.5,[0. 1.],Train,[0.01073962 0.98926044],1
131,Poly[4-(tert-butoxycarbonyloxy)styrene-co-sulfur dioxide],"[0.8333333333333334, 0.16666666666666666]",generic,4-tert-butoxycarbonyloxystyrene,sulfur dioxide,C=Cc1ccc(OC(=O)OC(C)(C)C)cc1,O=S=O,<rdkit.Chem.rdchem.Mol object at 0x7f7b9c3983b0>,<rdkit.Chem.rdchem.Mol object at 0x7f7b9c3aa9f0>,toluene,Cc1ccccc1,<rdkit.Chem.rdchem.Mol object at 0x7f7b9c348720>,1,0.8333333333333334,0.16666666666666666,[0. 1.],Train,[0.94790107 0.05209897],0
98,Poly(Propylene carbonate-co-Propylene oxide),"[0.9, 0.1]",generic,Propylene carbonate,Propylene oxide,CC1COC(=O)O1,CC1CO1,<rdkit.Chem.rdchem.Mol object at 0x7f7b9c393900>,<rdkit.Chem.rdchem.Mol object at 0x7f7b9c3a7f40>,chlorobenzene,Clc1ccccc1,<rdkit.Chem.rdchem.Mol object at 0x7f7b9c344c70>,1,0.9,0.1,[0. 1.],Train,[0.94875157 0.05124844],0
225,Poly(vinyl alcohol-co-ethylene),"[0.5, 0.5]",generic,vinyl alcohol,ethylene,C=CO,C=C,<rdkit.Chem.rdchem.Mol object at 0x7f7b9c39dc70>,<rdkit.Chem.rdchem.Mol object at 0x7f7b9c3b3310>,tetrahydrofuran,C1CCOC1,<rdkit.Chem.rdchem.Mol object at 0x7f7b9c351040>,0,0.5,0.5,[1. 0.],Train,[0.06529067 0.93470937],1
83,Poly(2-vinylpyridine-co-styrene),"[0.7, 0.3]",generic,2-vinylpyridine,styrene,C=Cc1ccccn1,C=Cc1ccccc1,<rdkit.Chem.rdchem.Mol object at 0x7f7b9c393450>,<rdkit.Chem.rdchem.Mol object at 0x7f7b9c3a7a90>,methyl ethyl ketone,CCC(C)=O,<rdkit.Chem.rdchem.Mol object at 0x7f7b9c3447c0>,1,0.7,0.3,[0. 1.],Train,[0.01919635 0.98080367],1
141,Poly(pyromellitic dianhydride-co-m-phenylenediamin),"[0.5, 0.5]",generic,pyromellitic dianhydride,m-phenylenediamin,O=c1oc(=O)c2cc3c(=O)oc(=O)c3cc12,Nc1cccc(N)c1,<rdkit.Chem.rdchem.Mol object at 0x7f7b9c3986d0>,<rdkit.Chem.rdchem.Mol object at 0x7f7b9c3aad10>,tetramethylurea,CN(C)C(=O)N(C)C,<rdkit.Chem.rdchem.Mol object at 0x7f7b9c348a40>,1,0.5,0.5,[0. 1.],Train,[4.0512696e-06 9.9999595e-01],1
243,Poly(N-vinylformamide-co-methyl 3-phenyl-2-cyanopropenoate),"[0.5, 0.5]",generic,N-vinylformamide,methyl 3-phenyl-2-cyanopropenoate,C=CNC=O,COC(=O)C(C#N)=Cc1ccccc1,<rdkit.Chem.rdchem.Mol object at 0x7f7b9c39f270>,<rdkit.Chem.rdchem.Mol object at 0x7f7b9c3b38b0>,ethyl acetate,CCOC(C)=O,<rdkit.Chem.rdchem.Mol object at 0x7f7b9c3515e0>,0,0.5,0.5,[1. 0.],Train,[1.9382880e-05 9.9998057e-01],1
218,Poly(vinylcyclohexane-co-methyl acrylate),"[0.9, 0.1]",generic,vinylcyclohexane,methyl acrylate,C=CC1CCCCC1,C=CC(=O)OC,<rdkit.Chem.rdchem.Mol object at 0x7f7b9c39da40>,<rdkit.Chem.rdchem.Mol object at 0x7f7b9c3b30e0>,water,O,<rdkit.Chem.rdchem.Mol object at 0x7f7b9c34cdb0>,0,0.9,0.1,[1. 0.],Train,[0.6779893  0.32201067],0
125,"Poly(1,3-hexadiene-co-sulfur dioxide)","[0.25, 0.75]",generic,"1,3-hexadiene",sulfur dioxide,C=CC=CCC,O=S=O,<rdkit.Chem.rdchem.Mol object at 0x7f7b9c3981d0>,<rdkit.Chem.rdchem.Mol object at 0x7f7b9c3aa810>,tetrahydrofuran,C1CCOC1,<rdkit.Chem.rdchem.Mol object at 0x7f7b9c348540>,1,0.25,0.75,[0. 1.],Train,[0.00544134 0.99455863],1
193,Polystyrene-b-poly(dimethylsiloxane),"[0.5, 0.5]",block,styrene,dimethylsiloxane,C=Cc1ccccc1,C[SiH](C)O[SiH3],<rdkit.Chem.rdchem.Mol object at 0x7f7b9c39d450>,<rdkit.Chem.rdchem.Mol object at 0x7f7b9c3afa90>,tetrahydrofuran,C1CCOC1,<rdkit.Chem.rdchem.Mol object at 0x7f7b9c34c7c0>,1,0.5,0.5,[0. 1.],Train,[0.03414828 0.9658518 ],1
14,"Poly(ethylene-co-1-cyano-1,4-butylene)","[0.3333333333333333, 0.6666666666666666]",generic,ethylene,"1-cyano-1,4-butylene",C=C,CCCCC#N,<rdkit.Chem.rdchem.Mol object at 0x7f7b9c38be00>,<rdkit.Chem.rdchem.Mol object at 0x7f7b9c3a34a0>,"n,n-dimethylacetamide",CC(=O)N(C)C,<rdkit.Chem.rdchem.Mol object at 0x7f7b9c3401d0>,1,0.3333333333333333,0.6666666666666666,[0. 1.],Train,[1.4377046e-05 9.9998558e-01],1
262,Poly[N-(acetyl)iminoethylene-co-N-(3-thiopheneylcarbonyl)iminoethylene],"[0.5, 0.5]",generic,N-acetyliminoethylene,N-3-thiopheneylcarbonyliminoethylene,C=C=NC(C)=O,C=C=NC(=O)c1ccsc1,<rdkit.Chem.rdchem.Mol object at 0x7f7b9c39f860>,<rdkit.Chem.rdchem.Mol object at 0x7f7b9c3b3ea0>,acetone,CC(C)=O,<rdkit.Chem.rdchem.Mol object at 0x7f7b9c351bd0>,0,0.5,0.5,[1. 0.],Train,[9.2225394e-04 9.9907768e-01],1
199,Polystyrene-b-poly(hydroxyethyl methacrylate),"[0.4, 0.6]",block,styrene,hydroxyethyl methacrylate,C=Cc1ccccc1,C=C(C)C(=O)OCCO,<rdkit.Chem.rdchem.Mol object at 0x7f7b9c39d630>,<rdkit.Chem.rdchem.Mol object at 0x7f7b9c3afc70>,"n,N-dimethylformamide",CN(C)C=O,<rdkit.Chem.rdchem.Mol object at 0x7f7b9c34c9a0>,1,0.4,0.6,[0. 1.],Train,[4.1646876e-05 9.9995840e-01],1
104,Poly(oxycarbonyltrimethyleneoxyethylene-co-methyl vinyl ether),"[0.3333333333333333, 0.6666666666666666]",generic,oxycarbonyltrimethyleneoxyethylene,methyl vinyl ether,O=C1C=COCCCO1,C=COC,<rdkit.Chem.rdchem.Mol object at 0x7f7b9c393ae0>,<rdkit.Chem.rdchem.Mol object at 0x7f7b9c3aa180>,benzene,c1ccccc1,<rdkit.Chem.rdchem.Mol object at 0x7f7b9c344e50>,1,0.3333333333333333,0.6666666666666666,[0. 1.],Train,[0.29138723 0.70861274],1
37,Poly(vinyl alcohol-co-maleic anhydride),"[0.5, 0.5]",generic,vinyl alcohol,maleic anhydride,C=CO,O=C1C=CC(=O)O1,<rdkit.Chem.rdchem.Mol object at 0x7f7b9c390590>,<rdkit.Chem.rdchem.Mol object at 0x7f7b9c3a3bd0>,acetone,CC(C)=O,<rdkit.Chem.rdchem.Mol object at 0x7f7b9c340900>,1,0.5,0.5,[0. 1.],Train,[7.423126e-04 9.992576e-01],1
241,Poly(N-vinylformamide-co-methyl 3-phenyl-2-cyanopropenoate),"[0.5, 0.5]",generic,N-vinylformamide,methyl 3-phenyl-2-cyanopropenoate,C=CNC=O,COC(=O)C(C#N)=Cc1ccccc1,<rdkit.Chem.rdchem.Mol object at 0x7f7b9c39f1d0>,<rdkit.Chem.rdchem.Mol object at 0x7f7b9c3b3810>,chloroform,ClC(Cl)Cl,<rdkit.Chem.rdchem.Mol object at 0x7f7b9c351540>,0,0.5,0.5,[1. 0.],Train,[0.01721479 0.98278517],1
21,Poly(butyl methacrylate-co-i-butyl methacrylate),"[0.5, 0.5]",generic,butyl methacrylate,i-butyl methacrylate,C=C(C)C(=O)OCCCC,C=C(C)C(=O)OCC(C)C,<rdkit.Chem.rdchem.Mol object at 0x7f7b9c390090>,<rdkit.Chem.rdchem.Mol object at 0x7f7b9c3a36d0>,acetone,CC(C)=O,<rdkit.Chem.rdchem.Mol object at 0x7f7b9c340400>,1,0.5,0.5,[0. 1.],Train,[7.074897e-04 9.992925e-01],1
231,Poly(styrene-co-maleic anhydride),"[0.9, 0.1]",generic,styrene,maleic anhydride,C=Cc1ccccc1,O=C1C=CC(=O)O1,<rdkit.Chem.rdchem.Mol object at 0x7f7b9c39de50>,<rdkit.Chem.rdchem.Mol object at 0x7f7b9c3b34f0>,methanol,CO,<rdkit.Chem.rdchem.Mol object at 0x7f7b9c351220>,0,0.9,0.1,[1. 0.],Train,[0.90167886 0.09832117],0
165,"Poly(2,5-thiophenediyl-co-dimethylsilylene)","[0.4, 0.6]",generic,"2,5-thiophenediyl",dimethylsilylene,c1ccsc1,C[Si]C,<rdkit.Chem.rdchem.Mol object at 0x7f7b9c398e50>,<rdkit.Chem.rdchem.Mol object at 0x7f7b9c3af4f0>,dimethoxyethane,COC(C)OC,<rdkit.Chem.rdchem.Mol object at 0x7f7b9c34c220>,1,0.4,0.6,[0. 1.],Train,[5.796579e-04 9.994204e-01],1
174,Poly(2-cinnamoylethyl methacrylate)-b-poly(acrylic acid),"[0.4444444444444444, 0.5555555555555556]",block,2-cinnamoylethyl methacrylate,acrylic acid,C=C(C)C(=O)OCCC(=O)C=Cc1ccccc1,C=CC(=O)O,<rdkit.Chem.rdchem.Mol object at 0x7f7b9c39d090>,<rdkit.Chem.rdchem.Mol object at 0x7f7b9c3af6d0>,methylene chloride,ClCCl,<rdkit.Chem.rdchem.Mol object at 0x7f7b9c34c400>,1,0.4444444444444444,0.5555555555555556,[0. 1.],Train,[0.25559592 0.744404  ],1
257,Poly(3-hydroxybutyric acid-co-3-hydroxypropionic acid),"[0.5, 0.5]",generic,3-hydroxybutyric acid,3-hydroxypropionic acid,CC(O)CC(=O)O,O=C(O)CCO,<rdkit.Chem.rdchem.Mol object at 0x7f7b9c39f6d0>,<rdkit.Chem.rdchem.Mol object at 0x7f7b9c3b3d10>,hexane,CCCCCC,<rdkit.Chem.rdchem.Mol object at 0x7f7b9c351a40>,0,0.5,0.5,[1. 0.],Train,[0.06656685 0.9334332 ],1
237,Poly(N-vinylpyrrolidone-co-acrylic acid),"[0.75, 0.25]",generic,N-vinylpyrrolidone,acrylic acid,C=CN1CCCC1=O,C=CC(=O)O,<rdkit.Chem.rdchem.Mol object at 0x7f7b9c39f090>,<rdkit.Chem.rdchem.Mol object at 0x7f7b9c3b36d0>,tetrahydrofuran,C1CCOC1,<rdkit.Chem.rdchem.Mol object at 0x7f7b9c351400>,0,0.75,0.25,[1. 0.],Train,[0.3412456 0.6587544],1
230,Poly(styrene-co-tert-butoxycarbonyloxystyrene),"[0.4444444444444444, 0.5555555555555556]",generic,styrene,tert-butoxycarbonyloxystyrene,C=Cc1ccccc1,CC(C)(C)OC(=O)OC=Cc1ccccc1,<rdkit.Chem.rdchem.Mol object at 0x7f7b9c39de00>,<rdkit.Chem.rdchem.Mol object at 0x7f7b9c3b34a0>,Water,O,<rdkit.Chem.rdchem.Mol object at 0x7f7b9c3511d0>,0,0.4444444444444444,0.5555555555555556,[1. 0.],Train,[0.99836916 0.0016308 ],0
2,Poly(butadiene-co-styrene),"[0.7, 0.3]",generic,butadiene,styrene,C=CC=C,C=Cc1ccccc1,<rdkit.Chem.rdchem.Mol object at 0x7f7b9c38ba90>,<rdkit.Chem.rdchem.Mol object at 0x7f7b9c3a3130>,cyclohexane,C1CCCCC1,<rdkit.Chem.rdchem.Mol object at 0x7f7b9c339e00>,1,0.7,0.3,[0. 1.],Train,[0.1271012 0.8728988],1
6,Poly(butadiene-co-acrylonitrile),"[0.5, 0.5]",generic,butadiene,acrylonitrile,C=CC=C,C=CC#N,<rdkit.Chem.rdchem.Mol object at 0x7f7b9c38bbd0>,<rdkit.Chem.rdchem.Mol object at 0x7f7b9c3a3270>,acetone,CC(C)=O,<rdkit.Chem.rdchem.Mol object at 0x7f7b9c339f40>,1,0.5,0.5,[0. 1.],Train,[0.00111879 0.99888116],1
234,Poly(N-vinylpyrrolidone-co-acrylic acid),"[0.75, 0.25]",generic,N-vinylpyrrolidone,acrylic acid,C=CN1CCCC1=O,C=CC(=O)O,<rdkit.Chem.rdchem.Mol object at 0x7f7b9c39df40>,<rdkit.Chem.rdchem.Mol object at 0x7f7b9c3b35e0>,methyl ethyl ketone,CCC(C)=O,<rdkit.Chem.rdchem.Mol object at 0x7f7b9c351310>,0,0.75,0.25,[1. 0.],Train,[0.02656879 0.9734312 ],1
114,Poly(ethylene terephthalate-co-e-caprolactone),"[0.5, 0.5]",generic,ethylene terephthalate,e-caprolactone,C=COC(=O)c1ccc(C(=O)O)cc1,O=C1CCCCCO1,<rdkit.Chem.rdchem.Mol object at 0x7f7b9c393e00>,<rdkit.Chem.rdchem.Mol object at 0x7f7b9c3aa4a0>,chloroform,ClC(Cl)Cl,<rdkit.Chem.rdchem.Mol object at 0x7f7b9c3481d0>,1,0.5,0.5,[0. 1.],Train,[0.05479567 0.9452043 ],1
161,Poly(maleic anhydride-co-N-vinylformamide),"[0.5, 0.5]",generic,maleic anhydride,N-vinylformamide,O=C1C=CC(=O)O1,C=CNC=O,<rdkit.Chem.rdchem.Mol object at 0x7f7b9c398d10>,<rdkit.Chem.rdchem.Mol object at 0x7f7b9c3af3b0>,tetrahydrofuran,C1CCOC1,<rdkit.Chem.rdchem.Mol object at 0x7f7b9c34c0e0>,1,0.5,0.5,[0. 1.],Train,[0.01795181 0.98204815],1
47,Poly(vinylidine fluoride-co-ethyl vinyl ether),"[0.5, 0.5]",generic,vinylidine fluoride,ethyl vinyl ether,C=C(F)F,C=COCC,<rdkit.Chem.rdchem.Mol object at 0x7f7b9c3908b0>,<rdkit.Chem.rdchem.Mol object at 0x7f7b9c3a3ef0>,tetrahydrofuran,C1CCOC1,<rdkit.Chem.rdchem.Mol object at 0x7f7b9c340c20>,1,0.5,0.5,[0. 1.],Train,[0.01688246 0.9831176 ],1
75,Poly(N-vinylpyrrolidone-co-vinyl acetate),"[0.2, 0.8]",generic,N-vinylpyrrolidone,vinyl acetate,C=CN1CCCC1=O,C=COC(C)=O,<rdkit.Chem.rdchem.Mol object at 0x7f7b9c3931d0>,<rdkit.Chem.rdchem.Mol object at 0x7f7b9c3a7810>,isopropanol,CC(C)O,<rdkit.Chem.rdchem.Mol object at 0x7f7b9c344540>,1,0.2,0.8,[0. 1.],Train,[4.0981665e-04 9.9959022e-01],1
284,Polystyrene-b-poly(dimethylsiloxane),"[0.5, 0.5]",block,styrene,dimethylsiloxane,C=Cc1ccccc1,C[SiH](C)O[SiH3],<rdkit.Chem.rdchem.Mol object at 0x7f7b9c39fea0>,<rdkit.Chem.rdchem.Mol object at 0x7f7b9c339540>,methanol,CO,<rdkit.Chem.rdchem.Mol object at 0x7f7b9c355270>,0,0.5,0.5,[1. 0.],Train,[0.4862729  0.51372707],1
88,"Poly(carbonylethylene-co-carbonyl-1,2-propylene)","[0.7, 0.3]",generic,carbonylethylene,"carbonyl-1,2-propylene",C=C=C=O,CCCC=O,<rdkit.Chem.rdchem.Mol object at 0x7f7b9c3935e0>,<rdkit.Chem.rdchem.Mol object at 0x7f7b9c3a7c20>,hexafluoropropylene,FC(F)=C(F)C(F)(F)F,<rdkit.Chem.rdchem.Mol object at 0x7f7b9c344950>,1,0.7,0.3,[0. 1.],Train,[0.01237532 0.98762465],1
144,Poly(pyromellitic dianhydride-co-p-phenylenediamine),"[0.5, 0.5]",generic,pyromellitic dianhydride,p-phenylenediamine,O=c1oc(=O)c2cc3c(=O)oc(=O)c3cc12,Nc1ccc(N)cc1,<rdkit.Chem.rdchem.Mol object at 0x7f7b9c3987c0>,<rdkit.Chem.rdchem.Mol object at 0x7f7b9c3aae00>,dimethyl sulfoxide,CS(C)=O,<rdkit.Chem.rdchem.Mol object at 0x7f7b9c348b30>,1,0.5,0.5,[0. 1.],Train,[4.382331e-04 9.995617e-01],1
210,Polystyrene-b-poly(methyl vinyl ether),"[0.6666666666666666, 0.3333333333333333]",block,styrene,methyl vinyl ether,C=Cc1ccccc1,C=COC,<rdkit.Chem.rdchem.Mol object at 0x7f7b9c39d7c0>,<rdkit.Chem.rdchem.Mol object at 0x7f7b9c3afe00>,methylene chloride,ClCCl,<rdkit.Chem.rdchem.Mol object at 0x7f7b9c34cb30>,1,0.6666666666666666,0.3333333333333333,[0. 1.],Train,[0.49207357 0.5079264 ],1
10,Poly(ethylene-co-acrylic acid),"[0.8571428571428571, 0.14285714285714285]",generic,ethylene,acrylic acid,C=C,C=CC(=O)O,<rdkit.Chem.rdchem.Mol object at 0x7f7b9c38bd10>,<rdkit.Chem.rdchem.Mol object at 0x7f7b9c3a33b0>,xylene,Cc1ccc(C)cc1,<rdkit.Chem.rdchem.Mol object at 0x7f7b9c3400e0>,1,0.8571428571428571,0.14285714285714285,[0. 1.],Train,[0.09645846 0.90354156],1
163,"Poly(2,5-thiophenediyl-co-3-undecyl-2,5-thiophenediyl)","[0.5, 0.5]",generic,"2,5-thiophenediyl","3-undecyl-2,5-thiophenediyl",c1ccsc1,CCCCCCCCCCCc1ccsc1,<rdkit.Chem.rdchem.Mol object at 0x7f7b9c398db0>,<rdkit.Chem.rdchem.Mol object at 0x7f7b9c3af450>,tetrahydrofuran,C1CCOC1,<rdkit.Chem.rdchem.Mol object at 0x7f7b9c34c180>,1,0.5,0.5,[0. 1.],Train,[0.00143268 0.99856734],1
137,Poly(pyromellitic dianhydride-co-o-phenylenediamin),"[0.5, 0.5]",generic,pyromellitic dianhydride,o-phenylenediamin,O=c1oc(=O)c2cc3c(=O)oc(=O)c3cc12,Nc1ccccc1N,<rdkit.Chem.rdchem.Mol object at 0x7f7b9c398590>,<rdkit.Chem.rdchem.Mol object at 0x7f7b9c3aabd0>,tetramethylurea,CN(C)C(=O)N(C)C,<rdkit.Chem.rdchem.Mol object at 0x7f7b9c348900>,1,0.5,0.5,[0. 1.],Train,[3.5705798e-06 9.9999642e-01],1
84,Poly(2-vinylpyridine-co-styrene),"[0.7, 0.3]",generic,2-vinylpyridine,styrene,C=Cc1ccccn1,C=Cc1ccccc1,<rdkit.Chem.rdchem.Mol object at 0x7f7b9c3934a0>,<rdkit.Chem.rdchem.Mol object at 0x7f7b9c3a7ae0>,tetrahydrofuran,C1CCOC1,<rdkit.Chem.rdchem.Mol object at 0x7f7b9c344810>,1,0.7,0.3,[0. 1.],Train,[0.28279918 0.7172009 ],1
235,Poly(N-vinylpyrrolidone-co-acrylic acid),"[0.75, 0.25]",generic,N-vinylpyrrolidone,acrylic acid,C=CN1CCCC1=O,C=CC(=O)O,<rdkit.Chem.rdchem.Mol object at 0x7f7b9c39df90>,<rdkit.Chem.rdchem.Mol object at 0x7f7b9c3b3630>,methyl ethyl ketone,CCC(C)=O,<rdkit.Chem.rdchem.Mol object at 0x7f7b9c351360>,0,0.75,0.25,[1. 0.],Train,[0.02656867 0.97343135],1
166,"Poly(2,5-thiophenediyl-co-N-n-dodecyl-2,5-pyrrolediyl)","[0.8, 0.2]",generic,"2,5-thiophenediyl","N-n-dodecyl-2,5-pyrrolediyl",c1ccsc1,CCCCCCCCCCCCn1cccc1,<rdkit.Chem.rdchem.Mol object at 0x7f7b9c398ea0>,<rdkit.Chem.rdchem.Mol object at 0x7f7b9c3af540>,tetrahydrofuran,C1CCOC1,<rdkit.Chem.rdchem.Mol object at 0x7f7b9c34c270>,1,0.8,0.2,[0. 1.],Train,[0.01741507 0.98258495],1
101,Poly(5-hydroxyvaleric acid-co-4-hydroxyvaleric acid),"[0.5, 0.5]",generic,5-hydroxyvaleric acid,4-hydroxyvaleric acid,O=C(O)CCCCO,CC(O)CCC(=O)O,<rdkit.Chem.rdchem.Mol object at 0x7f7b9c3939f0>,<rdkit.Chem.rdchem.Mol object at 0x7f7b9c3aa090>,methylene chloride,ClCCl,<rdkit.Chem.rdchem.Mol object at 0x7f7b9c344d60>,1,0.5,0.5,[0. 1.],Train,[0.10114969 0.8988503 ],1
126,Poly(1-pentyne-co-sulfur dioxide),"[0.5, 0.5]",generic,1-pentyne,sulfur dioxide,C#CCCC,O=S=O,<rdkit.Chem.rdchem.Mol object at 0x7f7b9c398220>,<rdkit.Chem.rdchem.Mol object at 0x7f7b9c3aa860>,dioxane,C1COCCO1,<rdkit.Chem.rdchem.Mol object at 0x7f7b9c348590>,1,0.5,0.5,[0. 1.],Train,[3.0395243e-04 9.9969602e-01],1
24,Poly[2-(dimethylamino)ethyl methacrylate-co-acrylamide],"[0.8, 0.2]",generic,2-dimethylaminoethyl methacrylate,acrylamide,C=C(C)C(=O)OCCN(C)C,C=CC(N)=O,<rdkit.Chem.rdchem.Mol object at 0x7f7b9c390180>,<rdkit.Chem.rdchem.Mol object at 0x7f7b9c3a37c0>,water,O,<rdkit.Chem.rdchem.Mol object at 0x7f7b9c3404f0>,1,0.8,0.2,[0. 1.],Train,[0.63349205 0.36650798],0
212,Polystyrene-b-poly(2-vinylpyridine),"[0.14285714285714285, 0.8571428571428571]",block,styrene,2-vinylpyridine,C=Cc1ccccc1,C=Cc1ccccn1,<rdkit.Chem.rdchem.Mol object at 0x7f7b9c39d860>,<rdkit.Chem.rdchem.Mol object at 0x7f7b9c3afea0>,benzene,c1ccccc1,<rdkit.Chem.rdchem.Mol object at 0x7f7b9c34cbd0>,1,0.14285714285714285,0.8571428571428571,[0. 1.],Train,[0.02642822 0.9735718 ],1
9,Poly(ethylene-co-propylene),"[0.6, 0.4]",generic,ethylene,propylene,C=C,C=CC,<rdkit.Chem.rdchem.Mol object at 0x7f7b9c38bcc0>,<rdkit.Chem.rdchem.Mol object at 0x7f7b9c3a3360>,benzene,c1ccccc1,<rdkit.Chem.rdchem.Mol object at 0x7f7b9c340090>,1,0.6,0.4,[0. 1.],Train,[0.32997382 0.6700261 ],1
278,Poly(3-hydroxybutyric acid)-b-poly(e-caprolactone),"[0.375, 0.625]",block,3-hydroxybutyric acid,e-caprolactone,CC(O)CC(=O)O,O=C1CCCCCO1,<rdkit.Chem.rdchem.Mol object at 0x7f7b9c39fd10>,<rdkit.Chem.rdchem.Mol object at 0x7f7b9c3393b0>,methanol,CO,<rdkit.Chem.rdchem.Mol object at 0x7f7b9c3550e0>,0,0.375,0.625,[1. 0.],Train,[0.7989475  0.20105246],0
105,Poly(oxycarbonyltrimethyleneoxyethylene-co-methyl vinyl ether),"[0.2, 0.8]",generic,oxycarbonyltrimethyleneoxyethylene,methyl vinyl ether,O=C1C=COCCCO1,C=COC,<rdkit.Chem.rdchem.Mol object at 0x7f7b9c393b30>,<rdkit.Chem.rdchem.Mol object at 0x7f7b9c3aa1d0>,benzene,c1ccccc1,<rdkit.Chem.rdchem.Mol object at 0x7f7b9c344ea0>,1,0.2,0.8,[0. 1.],Train,[0.12156653 0.8784335 ],1
154,Poly(maleic anhydride-co-styrene),"[0.75, 0.25]",generic,maleic anhydride,styrene,O=C1C=CC(=O)O1,C=Cc1ccccc1,<rdkit.Chem.rdchem.Mol object at 0x7f7b9c398ae0>,<rdkit.Chem.rdchem.Mol object at 0x7f7b9c3af180>,methyl ethyl ketone,CCC(C)=O,<rdkit.Chem.rdchem.Mol object at 0x7f7b9c348e50>,1,0.75,0.25,[0. 1.],Train,[0.06429793 0.935702  ],1
136,Poly(pyromellitic dianhydride-co-o-phenylenediamin),"[0.5, 0.5]",generic,pyromellitic dianhydride,o-phenylenediamin,O=c1oc(=O)c2cc3c(=O)oc(=O)c3cc12,Nc1ccccc1N,<rdkit.Chem.rdchem.Mol object at 0x7f7b9c398540>,<rdkit.Chem.rdchem.Mol object at 0x7f7b9c3aab80>,dimethyl sulfoxide,CS(C)=O,<rdkit.Chem.rdchem.Mol object at 0x7f7b9c3488b0>,1,0.5,0.5,[0. 1.],Train,[3.8389862e-04 9.9961603e-01],1
112,Poly(lactic acid-co-glycolic acid),"[0.75, 0.25]",generic,lactic acid,glycolic acid,CC(O)C(=O)O,O=C(O)CO,<rdkit.Chem.rdchem.Mol object at 0x7f7b9c393d60>,<rdkit.Chem.rdchem.Mol object at 0x7f7b9c3aa400>,chloroform,ClC(Cl)Cl,<rdkit.Chem.rdchem.Mol object at 0x7f7b9c348130>,1,0.75,0.25,[0. 1.],Train,[0.12264134 0.8773587 ],1
26,Poly(N-dodecylacrylamide-co-N-vinylcarbazole),"[0.9375, 0.0625]",generic,N-dodecylacrylamide,N-vinylcarbazole,C=CC(=O)NCCCCCCCCCCCC,C=Cn1c2ccccc2c2ccccc21,<rdkit.Chem.rdchem.Mol object at 0x7f7b9c390220>,<rdkit.Chem.rdchem.Mol object at 0x7f7b9c3a3860>,chloroform,ClC(Cl)Cl,<rdkit.Chem.rdchem.Mol object at 0x7f7b9c340590>,1,0.9375,0.0625,[0. 1.],Train,[0.711069   0.28893104],0
247,"Poly[oxy-3,5-bis(4-carboxyphenyl)-1,4-phenylene-co-oxy-3,5-bis(phenyl)-1,4-phenylene]","[0.38, 0.62]",generic,"oxy-3,5-bis4-carboxyphenyl-1,4-phenylene","oxy-3,5-bisphenyl-1,4-phenylene",O=C(O)c1ccc(C2=CC(c3ccc(C(=O)O)cc3)C(=O)C=C2)cc1,O=C1C=CC(c2ccccc2)=CC1c1ccccc1,<rdkit.Chem.rdchem.Mol object at 0x7f7b9c39f3b0>,<rdkit.Chem.rdchem.Mol object at 0x7f7b9c3b39f0>,chloroform,ClC(Cl)Cl,<rdkit.Chem.rdchem.Mol object at 0x7f7b9c351720>,0,0.38,0.62,[1. 0.],Train,[0.08209037 0.9179096 ],1
65,Poly(styrene-co-maleic anhydride),"[0.5, 0.5]",generic,styrene,maleic anhydride,C=Cc1ccccc1,O=C1C=CC(=O)O1,<rdkit.Chem.rdchem.Mol object at 0x7f7b9c390e50>,<rdkit.Chem.rdchem.Mol object at 0x7f7b9c3a74f0>,acetonitrile,CC#N,<rdkit.Chem.rdchem.Mol object at 0x7f7b9c344220>,1,0.5,0.5,[0. 1.],Train,[0.01234711 0.9876529 ],1
16,Poly(isobutylene-co-4-methylstyrene),"[0.95, 0.05]",generic,isobutylene,4-methylstyrene,C=C(C)C,C=Cc1ccc(C)cc1,<rdkit.Chem.rdchem.Mol object at 0x7f7b9c38bea0>,<rdkit.Chem.rdchem.Mol object at 0x7f7b9c3a3540>,chloroform,ClC(Cl)Cl,<rdkit.Chem.rdchem.Mol object at 0x7f7b9c340270>,1,0.95,0.05,[0. 1.],Train,[0.1163126  0.88368744],1
42,"Poly[tetrafluoroethylene-co-4,5-difluoro-2,2-bis(trifluoromethyl)-1,3-dioxole]","[0.13, 0.87]",generic,tetrafluoroethylene,"4,5-difluoro-2,2-bistrifluoromethyl-1,3-dioxole",FC(F)=C(F)F,FC1=C(F)OC(C(F)(F)F)(C(F)(F)F)O1,<rdkit.Chem.rdchem.Mol object at 0x7f7b9c390720>,<rdkit.Chem.rdchem.Mol object at 0x7f7b9c3a3d60>,hexafluorobenzene,Fc1c(F)c(F)c(F)c(F)c1F,<rdkit.Chem.rdchem.Mol object at 0x7f7b9c340a90>,1,0.13,0.87,[0. 1.],Train,[5.6253695e-05 9.9994373e-01],1
110,"Poly(oxy-1-oxo-1,2-propylene-co-oxycarbonylmethylene)","[0.5, 0.5]",generic,"oxy-1-oxo-1,2-propylene",oxycarbonylmethylene,O=C=CC=O,COC=O,<rdkit.Chem.rdchem.Mol object at 0x7f7b9c393cc0>,<rdkit.Chem.rdchem.Mol object at 0x7f7b9c3aa360>,chloroform,ClC(Cl)Cl,<rdkit.Chem.rdchem.Mol object at 0x7f7b9c348090>,1,0.5,0.5,[0. 1.],Train,[0.01244412 0.9875559 ],1
53,Poly(styrene-co-acrylonitrile),"[0.6, 0.4]",generic,styrene,acrylonitrile,C=Cc1ccccc1,C=CC#N,<rdkit.Chem.rdchem.Mol object at 0x7f7b9c390a90>,<rdkit.Chem.rdchem.Mol object at 0x7f7b9c3a7130>,chloroform,ClC(Cl)Cl,<rdkit.Chem.rdchem.Mol object at 0x7f7b9c340e00>,1,0.6,0.4,[0. 1.],Train,[0.07114315 0.9288568 ],1
27,Poly(N-dodecylacrylamide-co-N-vinylcarbazole),"[0.3333333333333333, 0.6666666666666666]",generic,N-dodecylacrylamide,N-vinylcarbazole,C=CC(=O)NCCCCCCCCCCCC,C=Cn1c2ccccc2c2ccccc21,<rdkit.Chem.rdchem.Mol object at 0x7f7b9c390270>,<rdkit.Chem.rdchem.Mol object at 0x7f7b9c3a38b0>,chloroform,ClC(Cl)Cl,<rdkit.Chem.rdchem.Mol object at 0x7f7b9c3405e0>,1,0.3333333333333333,0.6666666666666666,[0. 1.],Train,[0.02862471 0.97137535],1
44,"Poly[tetrafluoroethylene-co-4,5-difluoro-2,2-bis(trifluoromethyl)-1,3-dioxole]","[0.13, 0.87]",generic,tetrafluoroethylene,"4,5-difluoro-2,2-bistrifluoromethyl-1,3-dioxole",FC(F)=C(F)F,FC1=C(F)OC(C(F)(F)F)(C(F)(F)F)O1,<rdkit.Chem.rdchem.Mol object at 0x7f7b9c3907c0>,<rdkit.Chem.rdchem.Mol object at 0x7f7b9c3a3e00>,perfluorooctane,FC(F)(F)C(F)(F)C(F)(F)C(F)(F)C(F)(F)C(F)(F)C(F)(F)C(F)(F)F,<rdkit.Chem.rdchem.Mol object at 0x7f7b9c340b30>,1,0.13,0.87,[0. 1.],Train,[3.9477153e-14 1.0000000e+00],1
25,Poly[2-(dimethylamino)ethyl methacrylate-co-acrylamide],"[0.6, 0.4]",generic,2-dimethylaminoethyl methacrylate,acrylamide,C=C(C)C(=O)OCCN(C)C,C=CC(N)=O,<rdkit.Chem.rdchem.Mol object at 0x7f7b9c3901d0>,<rdkit.Chem.rdchem.Mol object at 0x7f7b9c3a3810>,water,O,<rdkit.Chem.rdchem.Mol object at 0x7f7b9c340540>,1,0.6,0.4,[0. 1.],Train,[0.37703294 0.62296706],1
213,Polystyrene-b-poly(vinylpyridine),"[0.5, 0.5]",block,styrene,vinylpyridine,C=Cc1ccccc1,C=Cc1ccccn1,<rdkit.Chem.rdchem.Mol object at 0x7f7b9c39d8b0>,<rdkit.Chem.rdchem.Mol object at 0x7f7b9c3afef0>,tetrahydrofuran,C1CCOC1,<rdkit.Chem.rdchem.Mol object at 0x7f7b9c34cc20>,1,0.5,0.5,[0. 1.],Train,[0.00379004 0.99621   ],1
3,Poly(butadiene-co-styrene),"[0.95, 0.05]",generic,butadiene,styrene,C=CC=C,C=Cc1ccccc1,<rdkit.Chem.rdchem.Mol object at 0x7f7b9c38bae0>,<rdkit.Chem.rdchem.Mol object at 0x7f7b9c3a3180>,cyclohexane,C1CCCCC1,<rdkit.Chem.rdchem.Mol object at 0x7f7b9c339e50>,1,0.95,0.05,[0. 1.],Train,[0.66496605 0.33503395],0
253,Poly(oxy-1-oxo-3-methyltrimethylene-co-oxy-1-oxotrimethylene),"[1.0, 0.0]",generic,oxy-1-oxo-3-methyltrimethylene,oxy-1-oxotrimethylene,CCC(=O)C=O,CC(=O)C=O,<rdkit.Chem.rdchem.Mol object at 0x7f7b9c39f590>,<rdkit.Chem.rdchem.Mol object at 0x7f7b9c3b3bd0>,hexane,CCCCCC,<rdkit.Chem.rdchem.Mol object at 0x7f7b9c351900>,0,1.0,0.0,[1. 0.],Train,[0.79237765 0.2076224 ],0
50,Poly(acrylonitrile-co-butadiene),"[0.4, 0.6]",generic,acrylonitrile,butadiene,C=CC#N,C=CC=C,<rdkit.Chem.rdchem.Mol object at 0x7f7b9c3909a0>,<rdkit.Chem.rdchem.Mol object at 0x7f7b9c3a7040>,toluene,Cc1ccccc1,<rdkit.Chem.rdchem.Mol object at 0x7f7b9c340d10>,1,0.4,0.6,[0. 1.],Train,[0.09855853 0.90144145],1
150,Poly(maleic anhydride-alt-isopropenylisocyanate),"[0.5, 0.5]",alternating,maleic anhydride,isopropenylisocyanate,O=C1C=CC(=O)O1,C=C(C)N=C=O,<rdkit.Chem.rdchem.Mol object at 0x7f7b9c3989a0>,<rdkit.Chem.rdchem.Mol object at 0x7f7b9c3af040>,acetone,CC(C)=O,<rdkit.Chem.rdchem.Mol object at 0x7f7b9c348d10>,1,0.5,0.5,[0. 1.],Train,[7.8223960e-04 9.9921775e-01],1
132,Poly(lysine-co-lactic acid),"[0.05, 0.95]",generic,lysine,lactic acid,NCCCC[C@H](N)C(=O)O,CC(O)C(=O)O,<rdkit.Chem.rdchem.Mol object at 0x7f7b9c398400>,<rdkit.Chem.rdchem.Mol object at 0x7f7b9c3aaa40>,chloroform,ClC(Cl)Cl,<rdkit.Chem.rdchem.Mol object at 0x7f7b9c348770>,1,0.05,0.95,[0. 1.],Train,[0.02944259 0.9705574 ],1
31,"Poly(phenyl vinyl ether-alt-2-phenyl-1,1-dicyanoethylene)","[0.5, 0.5]",alternating,phenyl vinyl ether,"2-phenyl-1,1-dicyanoethylene",C=COc1ccccc1,N#CC(C#N)=Cc1ccccc1,<rdkit.Chem.rdchem.Mol object at 0x7f7b9c3903b0>,<rdkit.Chem.rdchem.Mol object at 0x7f7b9c3a39f0>,acetone,CC(C)=O,<rdkit.Chem.rdchem.Mol object at 0x7f7b9c340720>,1,0.5,0.5,[0. 1.],Train,[4.4200968e-04 9.9955803e-01],1
217,"Poly(ethylene-co-1-cyano-1,4-butylene)","[0.3333333333333333, 0.6666666666666666]",generic,ethylene,"1-cyano-1,4-butylene",C=C,CCCCC#N,<rdkit.Chem.rdchem.Mol object at 0x7f7b9c39d9f0>,<rdkit.Chem.rdchem.Mol object at 0x7f7b9c3b3090>,methanol,CO,<rdkit.Chem.rdchem.Mol object at 0x7f7b9c34cd60>,0,0.3333333333333333,0.6666666666666666,[1. 0.],Train,[0.52496696 0.47503302],0
122,"Poly(1,3-hexadiene-co-sulfur dioxide)","[0.25, 0.75]",generic,"1,3-hexadiene",sulfur dioxide,C=CC=CCC,O=S=O,<rdkit.Chem.rdchem.Mol object at 0x7f7b9c3980e0>,<rdkit.Chem.rdchem.Mol object at 0x7f7b9c3aa720>,chloroform,ClC(Cl)Cl,<rdkit.Chem.rdchem.Mol object at 0x7f7b9c348450>,1,0.25,0.75,[0. 1.],Train,[0.01034339 0.9896567 ],1
183,Poly(3-hydroxybutyric acid)-b-poly(e-caprolactone),"[0.3333333333333333, 0.6666666666666666]",block,3-hydroxybutyric acid,e-caprolactone,CC(O)CC(=O)O,O=C1CCCCCO1,<rdkit.Chem.rdchem.Mol object at 0x7f7b9c39d220>,<rdkit.Chem.rdchem.Mol object at 0x7f7b9c3af860>,chloroform,ClC(Cl)Cl,<rdkit.Chem.rdchem.Mol object at 0x7f7b9c34c590>,1,0.3333333333333333,0.6666666666666666,[0. 1.],Train,[0.00676713 0.99323285],1
116,Poly(1-butene-co-sulfur dioxide),"[0.5, 0.5]",generic,1-butene,sulfur dioxide,C=CCC,O=S=O,<rdkit.Chem.rdchem.Mol object at 0x7f7b9c393ea0>,<rdkit.Chem.rdchem.Mol object at 0x7f7b9c3aa540>,acetone,CC(C)=O,<rdkit.Chem.rdchem.Mol object at 0x7f7b9c348270>,1,0.5,0.5,[0. 1.],Train,[0.00104683 0.9989531 ],1
8,Poly(butadiene-co-acrylonitrile),"[0.5, 0.5]",generic,butadiene,acrylonitrile,C=CC=C,C=CC#N,<rdkit.Chem.rdchem.Mol object at 0x7f7b9c38bc70>,<rdkit.Chem.rdchem.Mol object at 0x7f7b9c3a3310>,chloroform,ClC(Cl)Cl,<rdkit.Chem.rdchem.Mol object at 0x7f7b9c340040>,1,0.5,0.5,[0. 1.],Train,[0.01510762 0.98489237],1
226,Poly(vinyl alcohol-co-vinyl pentanal),"[0.5, 0.5]",generic,vinyl alcohol,vinyl pentanal,C=CO,C=CC(C=O)CCC,<rdkit.Chem.rdchem.Mol object at 0x7f7b9c39dcc0>,<rdkit.Chem.rdchem.Mol object at 0x7f7b9c3b3360>,methanol,CO,<rdkit.Chem.rdchem.Mol object at 0x7f7b9c351090>,0,0.5,0.5,[1. 0.],Train,[0.56607735 0.43392265],0
61,Poly(styrene-co-butyl methacrylate),"[0.5, 0.5]",generic,styrene,butyl methacrylate,C=Cc1ccccc1,C=C(C)C(=O)OCCCC,<rdkit.Chem.rdchem.Mol object at 0x7f7b9c390d10>,<rdkit.Chem.rdchem.Mol object at 0x7f7b9c3a73b0>,toluene,Cc1ccccc1,<rdkit.Chem.rdchem.Mol object at 0x7f7b9c3440e0>,1,0.5,0.5,[0. 1.],Train,[0.01461176 0.9853882 ],1
129,Poly(1-heptyne-co-sulfur dioxide),"[0.5, 0.5]",generic,1-heptyne,sulfur dioxide,C#CCCCCC,O=S=O,<rdkit.Chem.rdchem.Mol object at 0x7f7b9c398310>,<rdkit.Chem.rdchem.Mol object at 0x7f7b9c3aa950>,acetone,CC(C)=O,<rdkit.Chem.rdchem.Mol object at 0x7f7b9c348680>,1,0.5,0.5,[0. 1.],Train,[0.00119889 0.9988011 ],1
1,Poly(butadiene-co-styrene),"[0.95, 0.05]",generic,butadiene,styrene,C=CC=C,C=Cc1ccccc1,<rdkit.Chem.rdchem.Mol object at 0x7f7b9c38b9f0>,<rdkit.Chem.rdchem.Mol object at 0x7f7b9c3a30e0>,benzene,c1ccccc1,<rdkit.Chem.rdchem.Mol object at 0x7f7b9c339db0>,1,0.95,0.05,[0. 1.],Train,[0.65776485 0.34223515],0
58,Poly(styrene-co-tert-butoxycarbonyloxystyrene),"[0.4444444444444444, 0.5555555555555556]",generic,styrene,tert-butoxycarbonyloxystyrene,C=Cc1ccccc1,CC(C)(C)OC(=O)OC=Cc1ccccc1,<rdkit.Chem.rdchem.Mol object at 0x7f7b9c390c20>,<rdkit.Chem.rdchem.Mol object at 0x7f7b9c3a72c0>,tetrahydrofuran,C1CCOC1,<rdkit.Chem.rdchem.Mol object at 0x7f7b9c340f90>,1,0.4444444444444444,0.5555555555555556,[0. 1.],Train,[0.00104004 0.9989599 ],1
23,Poly(butyl methacrylate-co-i-butyl methacrylate),"[0.5, 0.5]",generic,butyl methacrylate,i-butyl methacrylate,C=C(C)C(=O)OCCCC,C=C(C)C(=O)OCC(C)C,<rdkit.Chem.rdchem.Mol object at 0x7f7b9c390130>,<rdkit.Chem.rdchem.Mol object at 0x7f7b9c3a3770>,methylene chloride,ClCCl,<rdkit.Chem.rdchem.Mol object at 0x7f7b9c3404a0>,1,0.5,0.5,[0. 1.],Train,[0.08332109 0.91667897],1
62,"Poly(styrene-alt-2,4-diamino-6-vinyl-1,3,5-triazine)","[0.5, 0.5]",alternating,styrene,"2,4-diamino-6-vinyl-1,3,5-triazine",C=Cc1ccccc1,C=Cc1nc(N)nc(N)n1,<rdkit.Chem.rdchem.Mol object at 0x7f7b9c390d60>,<rdkit.Chem.rdchem.Mol object at 0x7f7b9c3a7400>,dimethyl sulfoxide,CS(C)=O,<rdkit.Chem.rdchem.Mol object at 0x7f7b9c344130>,1,0.5,0.5,[0. 1.],Train,[2.3962949e-04 9.9976033e-01],1
64,Poly(styrene-co-maleic anhydride),"[0.5, 0.5]",generic,styrene,maleic anhydride,C=Cc1ccccc1,O=C1C=CC(=O)O1,<rdkit.Chem.rdchem.Mol object at 0x7f7b9c390e00>,<rdkit.Chem.rdchem.Mol object at 0x7f7b9c3a74a0>,acetone,CC(C)=O,<rdkit.Chem.rdchem.Mol object at 0x7f7b9c3441d0>,1,0.5,0.5,[0. 1.],Train,[2.3576082e-04 9.9976426e-01],1
7,Poly(butadiene-co-acrylonitrile),"[0.5, 0.5]",generic,butadiene,acrylonitrile,C=CC=C,C=CC#N,<rdkit.Chem.rdchem.Mol object at 0x7f7b9c38bc20>,<rdkit.Chem.rdchem.Mol object at 0x7f7b9c3a32c0>,benzene,c1ccccc1,<rdkit.Chem.rdchem.Mol object at 0x7f7b9c339f90>,1,0.5,0.5,[0. 1.],Train,[0.18850031 0.8114997 ],1
138,Poly(pyromellitic dianhydride-co-m-phenylenediamin),"[0.5, 0.5]",generic,pyromellitic dianhydride,m-phenylenediamin,O=c1oc(=O)c2cc3c(=O)oc(=O)c3cc12,Nc1cccc(N)c1,<rdkit.Chem.rdchem.Mol object at 0x7f7b9c3985e0>,<rdkit.Chem.rdchem.Mol object at 0x7f7b9c3aac20>,"n,N-dimethylformamide",CN(C)C=O,<rdkit.Chem.rdchem.Mol object at 0x7f7b9c348950>,1,0.5,0.5,[0. 1.],Train,[1.5170083e-04 9.9984825e-01],1
266,Poly[N-(acetyl)iminoethylene-co-N-(3-thiopheneylcarbonyl)iminoethylene],"[0.5, 0.5]",generic,N-acetyliminoethylene,N-3-thiopheneylcarbonyliminoethylene,C=C=NC(C)=O,C=C=NC(=O)c1ccsc1,<rdkit.Chem.rdchem.Mol object at 0x7f7b9c39f9a0>,<rdkit.Chem.rdchem.Mol object at 0x7f7b9c339040>,tetrahydrofuran,C1CCOC1,<rdkit.Chem.rdchem.Mol object at 0x7f7b9c351d10>,0,0.5,0.5,[1. 0.],Train,[0.00195963 0.9980404 ],1
142,Poly(pyromellitic dianhydride-co-p-phenylenediamine),"[0.5, 0.5]",generic,pyromellitic dianhydride,p-phenylenediamine,O=c1oc(=O)c2cc3c(=O)oc(=O)c3cc12,Nc1ccc(N)cc1,<rdkit.Chem.rdchem.Mol object at 0x7f7b9c398720>,<rdkit.Chem.rdchem.Mol object at 0x7f7b9c3aad60>,"n,N-dimethylformamide",CN(C)C=O,<rdkit.Chem.rdchem.Mol object at 0x7f7b9c348a90>,1,0.5,0.5,[0. 1.],Train,[1.5498739e-04 9.9984503e-01],1
97,Poly(carbon dioxide-co-Propylene oxide),"[0.5, 0.5]",generic,carbon dioxide,Propylene oxide,O=C=O,CC1CO1,<rdkit.Chem.rdchem.Mol object at 0x7f7b9c3938b0>,<rdkit.Chem.rdchem.Mol object at 0x7f7b9c3a7ef0>,tetrahydrofuran,C1CCOC1,<rdkit.Chem.rdchem.Mol object at 0x7f7b9c344c20>,1,0.5,0.5,[0. 1.],Train,[0.0176685 0.9823315],1
264,Poly[N-(acetyl)iminoethylene-co-N-(3-thiopheneylcarbonyl)iminoethylene],"[0.5, 0.5]",generic,N-acetyliminoethylene,N-3-thiopheneylcarbonyliminoethylene,C=C=NC(C)=O,C=C=NC(=O)c1ccsc1,<rdkit.Chem.rdchem.Mol object at 0x7f7b9c39f900>,<rdkit.Chem.rdchem.Mol object at 0x7f7b9c3b3f40>,"N,N-dimethylformamide",CN(C)C=O,<rdkit.Chem.rdchem.Mol object at 0x7f7b9c351c70>,0,0.5,0.5,[1. 0.],Train,[2.268019e-04 9.997732e-01],1
258,Poly(3-hydroxybutyric acid-co-3-hydroxypropionic acid),"[0.5, 0.5]",generic,3-hydroxybutyric acid,3-hydroxypropionic acid,CC(O)CC(=O)O,O=C(O)CCO,<rdkit.Chem.rdchem.Mol object at 0x7f7b9c39f720>,<rdkit.Chem.rdchem.Mol object at 0x7f7b9c3b3d60>,methanol,CO,<rdkit.Chem.rdchem.Mol object at 0x7f7b9c351a90>,0,0.5,0.5,[1. 0.],Train,[0.17658056 0.82341945],1
250,Poly(carbon dioxide-co-Propylene oxide),"[0.5, 0.5]",generic,carbon dioxide,Propylene oxide,O=C=O,CC1CO1,<rdkit.Chem.rdchem.Mol object at 0x7f7b9c39f4a0>,<rdkit.Chem.rdchem.Mol object at 0x7f7b9c3b3ae0>,methanol,CO,<rdkit.Chem.rdchem.Mol object at 0x7f7b9c351810>,0,0.5,0.5,[1. 0.],Train,[0.47086516 0.52913487],1
268,Poly(maleic anhydride-alt-methyl vinyl ether),"[0.5, 0.5]",alternating,maleic anhydride,methyl vinyl ether,O=C1C=CC(=O)O1,C=COC,<rdkit.Chem.rdchem.Mol object at 0x7f7b9c39fa40>,<rdkit.Chem.rdchem.Mol object at 0x7f7b9c3390e0>,carbon tetrachloride,ClC(Cl)(Cl)Cl,<rdkit.Chem.rdchem.Mol object at 0x7f7b9c351db0>,0,0.5,0.5,[1. 0.],Train,[0.01787101 0.982129  ],1
232,Poly(styrene-co-4-thiomethylstyrene),"[0.95, 0.05]",generic,styrene,4-thiomethylstyrene,C=Cc1ccccc1,C=Cc1ccc(C=S)cc1,<rdkit.Chem.rdchem.Mol object at 0x7f7b9c39dea0>,<rdkit.Chem.rdchem.Mol object at 0x7f7b9c3b3540>,ethanol,CCO,<rdkit.Chem.rdchem.Mol object at 0x7f7b9c351270>,0,0.95,0.05,[1. 0.],Train,[0.88591266 0.1140873 ],0
69,Poly(styrene-co-4-vinylpyridine),"[0.5, 0.5]",generic,styrene,4-vinylpyridine,C=Cc1ccccc1,C=Cc1ccncc1,<rdkit.Chem.rdchem.Mol object at 0x7f7b9c390f90>,<rdkit.Chem.rdchem.Mol object at 0x7f7b9c3a7630>,"n,N-dimethylformamide",CN(C)C=O,<rdkit.Chem.rdchem.Mol object at 0x7f7b9c344360>,1,0.5,0.5,[0. 1.],Train,[2.3766972e-04 9.9976236e-01],1
143,Poly(pyromellitic dianhydride-co-p-phenylenediamine),"[0.5, 0.5]",generic,pyromellitic dianhydride,p-phenylenediamine,O=c1oc(=O)c2cc3c(=O)oc(=O)c3cc12,Nc1ccc(N)cc1,<rdkit.Chem.rdchem.Mol object at 0x7f7b9c398770>,<rdkit.Chem.rdchem.Mol object at 0x7f7b9c3aadb0>,"n,n-dimethylacetamide",CC(=O)N(C)C,<rdkit.Chem.rdchem.Mol object at 0x7f7b9c348ae0>,1,0.5,0.5,[0. 1.],Train,[3.0129404e-05 9.9996984e-01],1
158,Poly(maleic anhydride-alt-1-octadecene),"[0.5, 0.5]",alternating,maleic anhydride,1-octadecene,O=C1C=CC(=O)O1,C=CCCCCCCCCCCCCCCCC,<rdkit.Chem.rdchem.Mol object at 0x7f7b9c398c20>,<rdkit.Chem.rdchem.Mol object at 0x7f7b9c3af2c0>,benzene,c1ccccc1,<rdkit.Chem.rdchem.Mol object at 0x7f7b9c348f90>,1,0.5,0.5,[0. 1.],Train,[0.02233919 0.9776608 ],1
269,Poly(maleic anhydride-alt-methyl vinyl ether),"[0.5, 0.5]",alternating,maleic anhydride,methyl vinyl ether,O=C1C=CC(=O)O1,C=COC,<rdkit.Chem.rdchem.Mol object at 0x7f7b9c39fa90>,<rdkit.Chem.rdchem.Mol object at 0x7f7b9c339130>,diethyl ether,CCOCC,<rdkit.Chem.rdchem.Mol object at 0x7f7b9c351e00>,0,0.5,0.5,[1. 0.],Train,[0.20099322 0.7990068 ],1
271,Poly(maleic anhydride-alt-1-octadecene),"[0.5, 0.5]",alternating,maleic anhydride,1-octadecene,O=C1C=CC(=O)O1,C=CCCCCCCCCCCCCCCCC,<rdkit.Chem.rdchem.Mol object at 0x7f7b9c39fb30>,<rdkit.Chem.rdchem.Mol object at 0x7f7b9c3391d0>,ethanol,CCO,<rdkit.Chem.rdchem.Mol object at 0x7f7b9c351ea0>,0,0.5,0.5,[1. 0.],Train,[0.13347566 0.86652434],1
254,Poly(oxy-1-oxo-3-methyltrimethylene-co-oxy-1-oxotrimethylene),"[0.25, 0.75]",generic,oxy-1-oxo-3-methyltrimethylene,oxy-1-oxotrimethylene,CCC(=O)C=O,CC(=O)C=O,<rdkit.Chem.rdchem.Mol object at 0x7f7b9c39f5e0>,<rdkit.Chem.rdchem.Mol object at 0x7f7b9c3b3c20>,hexane,CCCCCC,<rdkit.Chem.rdchem.Mol object at 0x7f7b9c351950>,0,0.25,0.75,[1. 0.],Train,[0.05170494 0.9482951 ],1
72,Poly(N-vinylpyrrolidone-co-acrylic acid),"[0.75, 0.25]",generic,N-vinylpyrrolidone,acrylic acid,C=CN1CCCC1=O,C=CC(=O)O,<rdkit.Chem.rdchem.Mol object at 0x7f7b9c3930e0>,<rdkit.Chem.rdchem.Mol object at 0x7f7b9c3a7720>,n-methylpyrrolidone,CN1CCCC1=O,<rdkit.Chem.rdchem.Mol object at 0x7f7b9c344450>,1,0.75,0.25,[0. 1.],Train,[5.014185e-04 9.994986e-01],1
130,Poly(1-heptyne-co-sulfur dioxide),"[0.5, 0.5]",generic,1-heptyne,sulfur dioxide,C#CCCCCC,O=S=O,<rdkit.Chem.rdchem.Mol object at 0x7f7b9c398360>,<rdkit.Chem.rdchem.Mol object at 0x7f7b9c3aa9a0>,dioxane,C1COCCO1,<rdkit.Chem.rdchem.Mol object at 0x7f7b9c3486d0>,1,0.5,0.5,[0. 1.],Train,[2.9077008e-04 9.9970919e-01],1
145,Poly(pyromellitic dianhydride-co-p-phenylenediamine),"[0.5, 0.5]",generic,pyromellitic dianhydride,p-phenylenediamine,O=c1oc(=O)c2cc3c(=O)oc(=O)c3cc12,Nc1ccc(N)cc1,<rdkit.Chem.rdchem.Mol object at 0x7f7b9c398810>,<rdkit.Chem.rdchem.Mol object at 0x7f7b9c3aae50>,tetramethylurea,CN(C)C(=O)N(C)C,<rdkit.Chem.rdchem.Mol object at 0x7f7b9c348b80>,1,0.5,0.5,[0. 1.],Train,[4.0566783e-06 9.9999595e-01],1
134,Poly(pyromellitic dianhydride-co-o-phenylenediamin),"[0.5, 0.5]",generic,pyromellitic dianhydride,o-phenylenediamin,O=c1oc(=O)c2cc3c(=O)oc(=O)c3cc12,Nc1ccccc1N,<rdkit.Chem.rdchem.Mol object at 0x7f7b9c3984a0>,<rdkit.Chem.rdchem.Mol object at 0x7f7b9c3aaae0>,"n,N-dimethylformamide",CN(C)C=O,<rdkit.Chem.rdchem.Mol object at 0x7f7b9c348810>,1,0.5,0.5,[0. 1.],Train,[1.3364833e-04 9.9986637e-01],1
220,Poly(N-dodecylacrylamide-co-N-vinylcarbazole),"[0.3333333333333333, 0.6666666666666666]",generic,N-dodecylacrylamide,N-vinylcarbazole,C=CC(=O)NCCCCCCCCCCCC,C=Cn1c2ccccc2c2ccccc21,<rdkit.Chem.rdchem.Mol object at 0x7f7b9c39dae0>,<rdkit.Chem.rdchem.Mol object at 0x7f7b9c3b3180>,acrylonitrile,C=CC#N,<rdkit.Chem.rdchem.Mol object at 0x7f7b9c34ce50>,0,0.3333333333333333,0.6666666666666666,[1. 0.],Train,[0.06378631 0.93621373],1
272,"Poly(2,5-thiophenediyl-co-3-undecyl-2,5-thiophenediyl)","[0.5, 0.5]",generic,"2,5-thiophenediyl","3-undecyl-2,5-thiophenediyl",c1ccsc1,CCCCCCCCCCCc1ccsc1,<rdkit.Chem.rdchem.Mol object at 0x7f7b9c39fb80>,<rdkit.Chem.rdchem.Mol object at 0x7f7b9c339220>,methanol,CO,<rdkit.Chem.rdchem.Mol object at 0x7f7b9c351ef0>,0,0.5,0.5,[1. 0.],Train,[0.9949733  0.00502666],0
73,Poly(N-vinylpyrrolidone-co-vinyl acetate),"[0.2, 0.8]",generic,N-vinylpyrrolidone,vinyl acetate,C=CN1CCCC1=O,C=COC(C)=O,<rdkit.Chem.rdchem.Mol object at 0x7f7b9c393130>,<rdkit.Chem.rdchem.Mol object at 0x7f7b9c3a7770>,ethanol,CCO,<rdkit.Chem.rdchem.Mol object at 0x7f7b9c3444a0>,1,0.2,0.8,[0. 1.],Train,[0.02262719 0.9773728 ],1
148,"Poly(dimethylsilylene-co-1,3-dihydro-1,3-dimethyldisilazane)","[0.5, 0.5]",generic,dimethylsilylene,"1,3-dihydro-1,3-dimethyldisilazane",C[Si]C,C[SiH2]N[SiH2]C,<rdkit.Chem.rdchem.Mol object at 0x7f7b9c398900>,<rdkit.Chem.rdchem.Mol object at 0x7f7b9c3aaf40>,toluene,Cc1ccccc1,<rdkit.Chem.rdchem.Mol object at 0x7f7b9c348c70>,1,0.5,0.5,[0. 1.],Valid,[0.04746961 0.9525303 ],1
59,Poly(styrene-co-tert-butoxycarbonyloxystyrene),"[0.4444444444444444, 0.5555555555555556]",generic,styrene,tert-butoxycarbonyloxystyrene,C=Cc1ccccc1,CC(C)(C)OC(=O)OC=Cc1ccccc1,<rdkit.Chem.rdchem.Mol object at 0x7f7b9c390c70>,<rdkit.Chem.rdchem.Mol object at 0x7f7b9c3a7310>,pyridine,c1ccncc1,<rdkit.Chem.rdchem.Mol object at 0x7f7b9c344040>,1,0.4444444444444444,0.5555555555555556,[0. 1.],Valid,[1.2269600e-04 9.9987733e-01],1
35,"Poly(phenyl vinyl ether-alt-2-phenyl-1,1-dicyanoethylene)","[0.5, 0.5]",alternating,phenyl vinyl ether,"2-phenyl-1,1-dicyanoethylene",C=COc1ccccc1,N#CC(C#N)=Cc1ccccc1,<rdkit.Chem.rdchem.Mol object at 0x7f7b9c3904f0>,<rdkit.Chem.rdchem.Mol object at 0x7f7b9c3a3b30>,dimethyl sulfoxide,CS(C)=O,<rdkit.Chem.rdchem.Mol object at 0x7f7b9c340860>,1,0.5,0.5,[0. 1.],Valid,[2.1639955e-04 9.9978358e-01],1
4,Poly(butadiene-co-styrene),"[0.7, 0.3]",generic,butadiene,styrene,C=CC=C,C=Cc1ccccc1,<rdkit.Chem.rdchem.Mol object at 0x7f7b9c38bb30>,<rdkit.Chem.rdchem.Mol object at 0x7f7b9c3a31d0>,toluene,Cc1ccccc1,<rdkit.Chem.rdchem.Mol object at 0x7f7b9c339ea0>,1,0.7,0.3,[0. 1.],Valid,[0.05973307 0.9402669 ],1
106,Poly(3-hydroxybutyric acid-co-3-hydroxyvaleric acid),"[0.5, 0.5]",generic,3-hydroxybutyric acid,3-hydroxyvaleric acid,CC(O)CC(=O)O,CCC(O)CC(=O)O,<rdkit.Chem.rdchem.Mol object at 0x7f7b9c393b80>,<rdkit.Chem.rdchem.Mol object at 0x7f7b9c3aa220>,chloroform,ClC(Cl)Cl,<rdkit.Chem.rdchem.Mol object at 0x7f7b9c344ef0>,1,0.5,0.5,[0. 1.],Valid,[0.00828315 0.9917169 ],1
135,Poly(pyromellitic dianhydride-co-o-phenylenediamin),"[0.5, 0.5]",generic,pyromellitic dianhydride,o-phenylenediamin,O=c1oc(=O)c2cc3c(=O)oc(=O)c3cc12,Nc1ccccc1N,<rdkit.Chem.rdchem.Mol object at 0x7f7b9c3984f0>,<rdkit.Chem.rdchem.Mol object at 0x7f7b9c3aab30>,"n,n-dimethylacetamide",CC(=O)N(C)C,<rdkit.Chem.rdchem.Mol object at 0x7f7b9c348860>,1,0.5,0.5,[0. 1.],Valid,[2.5999969e-05 9.9997401e-01],1
128,Poly(1-hexyne-co-sulfur dioxide),"[0.5, 0.5]",generic,1-hexyne,sulfur dioxide,C#CCCCC,O=S=O,<rdkit.Chem.rdchem.Mol object at 0x7f7b9c3982c0>,<rdkit.Chem.rdchem.Mol object at 0x7f7b9c3aa900>,dioxane,C1COCCO1,<rdkit.Chem.rdchem.Mol object at 0x7f7b9c348630>,1,0.5,0.5,[0. 1.],Valid,[2.9537361e-04 9.9970454e-01],1
209,Polystyrene-b-poly(methylphenylsiloxane),"[0.6, 0.4]",block,styrene,methylphenylsiloxane,C=Cc1ccccc1,C[SiH](O[SiH3])c1ccccc1,<rdkit.Chem.rdchem.Mol object at 0x7f7b9c39d770>,<rdkit.Chem.rdchem.Mol object at 0x7f7b9c3afdb0>,cyclohexane,C1CCCCC1,<rdkit.Chem.rdchem.Mol object at 0x7f7b9c34cae0>,1,0.6,0.4,[0. 1.],Valid,[0.05559892 0.94440114],1
100,Poly(oxycarbonylpentamethylene-co-oxycarbonyl-3-hydroxypentamethylene),"[0.9, 0.1]",generic,oxycarbonylpentamethylene,oxycarbonyl-3-hydroxypentamethylene,CCCCCOC=O,CCC(O)CCOC=O,<rdkit.Chem.rdchem.Mol object at 0x7f7b9c3939a0>,<rdkit.Chem.rdchem.Mol object at 0x7f7b9c3aa040>,methylene chloride,ClCCl,<rdkit.Chem.rdchem.Mol object at 0x7f7b9c344d10>,1,0.9,0.1,[0. 1.],Valid,[0.7135583 0.2864417],0
147,"Poly(dimethylsilylene-co-1,3-dihydro-1,3-dimethyldisilazane)","[0.25, 0.75]",generic,dimethylsilylene,"1,3-dihydro-1,3-dimethyldisilazane",C[Si]C,C[SiH2]N[SiH2]C,<rdkit.Chem.rdchem.Mol object at 0x7f7b9c3988b0>,<rdkit.Chem.rdchem.Mol object at 0x7f7b9c3aaef0>,decaline,C1CCC2CCCCC2C1,<rdkit.Chem.rdchem.Mol object at 0x7f7b9c348c20>,1,0.25,0.75,[0. 1.],Valid,[0.00804696 0.9919531 ],1
63,"Poly(styrene-alt-2,4-diamino-6-vinyl-1,3,5-triazine)","[0.5, 0.5]",alternating,styrene,"2,4-diamino-6-vinyl-1,3,5-triazine",C=Cc1ccccc1,C=Cc1nc(N)nc(N)n1,<rdkit.Chem.rdchem.Mol object at 0x7f7b9c390db0>,<rdkit.Chem.rdchem.Mol object at 0x7f7b9c3a7450>,hexafluoroisopropanol,OC(C(F)(F)F)C(F)(F)F,<rdkit.Chem.rdchem.Mol object at 0x7f7b9c344180>,1,0.5,0.5,[0. 1.],Valid,[3.920519e-08 1.000000e+00],1
124,"Poly(1,3-hexadiene-co-sulfur dioxide)","[0.25, 0.75]",generic,"1,3-hexadiene",sulfur dioxide,C=CC=CCC,O=S=O,<rdkit.Chem.rdchem.Mol object at 0x7f7b9c398180>,<rdkit.Chem.rdchem.Mol object at 0x7f7b9c3aa7c0>,"n,n-dimethylformamide",CN(C)C=O,<rdkit.Chem.rdchem.Mol object at 0x7f7b9c3484f0>,1,0.25,0.75,[0. 1.],Valid,[1.6655159e-04 9.9983346e-01],1
32,"Poly(phenyl vinyl ether-alt-2-phenyl-1,1-dicyanoethylene)","[0.5, 0.5]",alternating,phenyl vinyl ether,"2-phenyl-1,1-dicyanoethylene",C=COc1ccccc1,N#CC(C#N)=Cc1ccccc1,<rdkit.Chem.rdchem.Mol object at 0x7f7b9c390400>,<rdkit.Chem.rdchem.Mol object at 0x7f7b9c3a3a40>,carbon tetrachloride,ClC(Cl)(Cl)Cl,<rdkit.Chem.rdchem.Mol object at 0x7f7b9c340770>,1,0.5,0.5,[0. 1.],Valid,[2.2489147e-04 9.9977511e-01],1
111,Poly(lactic acid-co-glycolic acid),"[0.5, 0.5]",generic,lactic acid,glycolic acid,CC(O)C(=O)O,O=C(O)CO,<rdkit.Chem.rdchem.Mol object at 0x7f7b9c393d10>,<rdkit.Chem.rdchem.Mol object at 0x7f7b9c3aa3b0>,chloroform,ClC(Cl)Cl,<rdkit.Chem.rdchem.Mol object at 0x7f7b9c3480e0>,1,0.5,0.5,[0. 1.],Valid,[0.01789118 0.98210883],1
80,Poly(N-vinylformamide-co-methyl 3-phenyl-2-cyanopropenoate),"[0.5, 0.5]",generic,N-vinylformamide,methyl 3-phenyl-2-cyanopropenoate,C=CNC=O,COC(=O)C(C#N)=Cc1ccccc1,<rdkit.Chem.rdchem.Mol object at 0x7f7b9c393360>,<rdkit.Chem.rdchem.Mol object at 0x7f7b9c3a79a0>,n-methylpyrrolidone,CN1CCCC1=O,<rdkit.Chem.rdchem.Mol object at 0x7f7b9c3446d0>,1,0.5,0.5,[0. 1.],Valid,[1.1692986e-06 9.9999881e-01],1
29,Poly(methyl vinyl ether-alt-methyl tricyanoethylenecarboxylate),"[0.5, 0.5]",alternating,methyl vinyl ether,methyl tricyanoethylenecarboxylate,C=COC,COC(=O)C(C#N)=C(C#N)C#N,<rdkit.Chem.rdchem.Mol object at 0x7f7b9c390310>,<rdkit.Chem.rdchem.Mol object at 0x7f7b9c3a3950>,"n,n-dimethylformamide",CN(C)C=O,<rdkit.Chem.rdchem.Mol object at 0x7f7b9c340680>,1,0.5,0.5,[0. 1.],Valid,[1.7856885e-04 9.9982148e-01],1
41,Poly(chlorotrifluoroethylene-co-vinylidene fluoride),"[0.75, 0.25]",generic,chlorotrifluoroethylene,vinylidene fluoride,FC(F)=C(F)Cl,C=C(F)F,<rdkit.Chem.rdchem.Mol object at 0x7f7b9c3906d0>,<rdkit.Chem.rdchem.Mol object at 0x7f7b9c3a3d10>,methyl ethyl ketone,CCC(C)=O,<rdkit.Chem.rdchem.Mol object at 0x7f7b9c340a40>,1,0.75,0.25,[0. 1.],Valid,[0.01190192 0.9880981 ],1
201,Polystyrene-b-polyisoprene,"[0.5, 0.5]",block,styrene,isoprene,C=Cc1ccccc1,C=CC(=C)C,<rdkit.Chem.rdchem.Mol object at 0x7f7b9c39d6d0>,<rdkit.Chem.rdchem.Mol object at 0x7f7b9c3afd10>,dioctyl phthalate,CCCCCCCCOC(=O)c1ccccc1C(=O)OCCCCCCCC,<rdkit.Chem.rdchem.Mol object at 0x7f7b9c34ca40>,1,0.5,0.5,[0. 1.],Valid,[1.3325606e-10 1.0000000e+00],1
139,Poly(pyromellitic dianhydride-co-m-phenylenediamin),"[0.5, 0.5]",generic,pyromellitic dianhydride,m-phenylenediamin,O=c1oc(=O)c2cc3c(=O)oc(=O)c3cc12,Nc1cccc(N)c1,<rdkit.Chem.rdchem.Mol object at 0x7f7b9c398630>,<rdkit.Chem.rdchem.Mol object at 0x7f7b9c3aac70>,"n,n-dimethylacetamide",CC(=O)N(C)C,<rdkit.Chem.rdchem.Mol object at 0x7f7b9c3489a0>,1,0.5,0.5,[0. 1.],Valid,[2.9635385e-05 9.9997032e-01],1
221,Poly(methyl vinyl ether-alt-methyl tricyanoethylenecarboxylate),"[0.5, 0.5]",alternating,methyl vinyl ether,methyl tricyanoethylenecarboxylate,C=COC,COC(=O)C(C#N)=C(C#N)C#N,<rdkit.Chem.rdchem.Mol object at 0x7f7b9c39db30>,<rdkit.Chem.rdchem.Mol object at 0x7f7b9c3b31d0>,diethyl ether,CCOCC,<rdkit.Chem.rdchem.Mol object at 0x7f7b9c34cea0>,0,0.5,0.5,[1. 0.],Valid,[0.01756277 0.9824372 ],1
60,Poly(styrene-co-butyl methacrylate),"[0.5, 0.5]",generic,styrene,butyl methacrylate,C=Cc1ccccc1,C=C(C)C(=O)OCCCC,<rdkit.Chem.rdchem.Mol object at 0x7f7b9c390cc0>,<rdkit.Chem.rdchem.Mol object at 0x7f7b9c3a7360>,methyl ethyl ketone,CCC(C)=O,<rdkit.Chem.rdchem.Mol object at 0x7f7b9c344090>,1,0.5,0.5,[0. 1.],Valid,[2.1279846e-04 9.9978727e-01],1
159,Poly(maleic anhydride-alt-1-octadecene),"[0.5, 0.5]",alternating,maleic anhydride,1-octadecene,O=C1C=CC(=O)O1,C=CCCCCCCCCCCCCCCCC,<rdkit.Chem.rdchem.Mol object at 0x7f7b9c398c70>,<rdkit.Chem.rdchem.Mol object at 0x7f7b9c3af310>,carbon tetrachloride,ClC(Cl)(Cl)Cl,<rdkit.Chem.rdchem.Mol object at 0x7f7b9c34c040>,1,0.5,0.5,[0. 1.],Valid,[1.5994532e-04 9.9984002e-01],1
198,Polystyrene-b-poly(hexyl isocyanate),"[0.2, 0.8]",block,styrene,hexyl isocyanate,C=Cc1ccccc1,CCCCCCN=C=O,<rdkit.Chem.rdchem.Mol object at 0x7f7b9c39d5e0>,<rdkit.Chem.rdchem.Mol object at 0x7f7b9c3afc20>,toluene,Cc1ccccc1,<rdkit.Chem.rdchem.Mol object at 0x7f7b9c34c950>,1,0.2,0.8,[0. 1.],Valid,[0.00406844 0.99593157],1
85,Poly(4-vinylpyridine-co-styrene),"[0.6, 0.4]",generic,4-vinylpyridine,styrene,C=Cc1ccncc1,C=Cc1ccccc1,<rdkit.Chem.rdchem.Mol object at 0x7f7b9c3934f0>,<rdkit.Chem.rdchem.Mol object at 0x7f7b9c3a7b30>,"n,N-dimethylformamide",CN(C)C=O,<rdkit.Chem.rdchem.Mol object at 0x7f7b9c344860>,1,0.6,0.4,[0. 1.],Valid,[0.00143812 0.9985619 ],1
179,Poly(dimethylsiloxane)-b-poly(6-aminohexanoic acid),"[0.3333333333333333, 0.6666666666666666]",block,dimethylsiloxane,6-aminohexanoic acid,C[SiH](C)O[SiH3],NCCCCCC(=O)O,<rdkit.Chem.rdchem.Mol object at 0x7f7b9c39d0e0>,<rdkit.Chem.rdchem.Mol object at 0x7f7b9c3af720>,"2,2,2-Trifluoroethanol",OCC(F)(F)F,<rdkit.Chem.rdchem.Mol object at 0x7f7b9c34c450>,1,0.3333333333333333,0.6666666666666666,[0. 1.],Valid,[7.7208679e-06 9.9999225e-01],1
119,Poly(butylethylene-co-sulfur dioxide),"[0.5, 0.5]",generic,butylethylene,sulfur dioxide,C=CCCCC,O=S=O,<rdkit.Chem.rdchem.Mol object at 0x7f7b9c393f90>,<rdkit.Chem.rdchem.Mol object at 0x7f7b9c3aa630>,chloroform,ClC(Cl)Cl,<rdkit.Chem.rdchem.Mol object at 0x7f7b9c348360>,1,0.5,0.5,[0. 1.],Valid,[0.02042504 0.979575  ],1
43,"Poly[tetrafluoroethylene-co-4,5-difluoro-2,2-bis(trifluoromethyl)-1,3-dioxole]","[0.35, 0.65]",generic,tetrafluoroethylene,"4,5-difluoro-2,2-bistrifluoromethyl-1,3-dioxole",FC(F)=C(F)F,FC1=C(F)OC(C(F)(F)F)(C(F)(F)F)O1,<rdkit.Chem.rdchem.Mol object at 0x7f7b9c390770>,<rdkit.Chem.rdchem.Mol object at 0x7f7b9c3a3db0>,hexafluorobenzene,Fc1c(F)c(F)c(F)c(F)c1F,<rdkit.Chem.rdchem.Mol object at 0x7f7b9c340ae0>,1,0.35,0.65,[0. 1.],Valid,[2.3765497e-05 9.9997628e-01],1
5,Poly(butadiene-co-styrene),"[0.95, 0.05]",generic,butadiene,styrene,C=CC=C,C=Cc1ccccc1,<rdkit.Chem.rdchem.Mol object at 0x7f7b9c38bb80>,<rdkit.Chem.rdchem.Mol object at 0x7f7b9c3a3220>,toluene,Cc1ccccc1,<rdkit.Chem.rdchem.Mol object at 0x7f7b9c339ef0>,1,0.95,0.05,[0. 1.],Valid,[0.4831608  0.51683927],1
259,Poly(oxyterephthaloyloxyethylene-co-oxyhexanoyl),"[0.5, 0.5]",generic,oxyterephthaloyloxyethylene,oxyhexanoyl,O=c1occoc(=O)c2ccc1cc2,O=CCCCCC=O,<rdkit.Chem.rdchem.Mol object at 0x7f7b9c39f770>,<rdkit.Chem.rdchem.Mol object at 0x7f7b9c3b3db0>,methanol,CO,<rdkit.Chem.rdchem.Mol object at 0x7f7b9c351ae0>,0,0.5,0.5,[1. 0.],Valid,[0.7702236  0.22977635],0
95,"Poly[oxy-3,5-bis(4-carboxyphenyl)-1,4-phenylene-co-oxy-3,5-bis(phenyl)-1,4-phenylene]","[0.13, 0.87]",generic,"oxy-3,5-bis4-carboxyphenyl-1,4-phenylene","oxy-3,5-bisphenyl-1,4-phenylene",O=C(O)c1ccc(C2=CC(c3ccc(C(=O)O)cc3)C(=O)C=C2)cc1,O=C1C=CC(c2ccccc2)=CC1c1ccccc1,<rdkit.Chem.rdchem.Mol object at 0x7f7b9c393810>,<rdkit.Chem.rdchem.Mol object at 0x7f7b9c3a7e50>,dimethyl sulfoxide,CS(C)=O,<rdkit.Chem.rdchem.Mol object at 0x7f7b9c344b80>,1,0.13,0.87,[0. 1.],Valid,[0.9210169  0.07898312],0
46,Poly(acrylonitrile-co-vinyl acetate),"[0.98, 0.02]",generic,acrylonitrile,vinyl acetate,C=CC#N,C=COC(C)=O,<rdkit.Chem.rdchem.Mol object at 0x7f7b9c390860>,<rdkit.Chem.rdchem.Mol object at 0x7f7b9c3a3ea0>,"n,N-dimethylformamide",CN(C)C=O,<rdkit.Chem.rdchem.Mol object at 0x7f7b9c340bd0>,1,0.98,0.02,[0. 1.],Valid,[0.01377464 0.98622537],1
194,Polystyrene-b-poly(dimethylsiloxane),"[0.1, 0.9]",block,styrene,dimethylsiloxane,C=Cc1ccccc1,C[SiH](C)O[SiH3],<rdkit.Chem.rdchem.Mol object at 0x7f7b9c39d4a0>,<rdkit.Chem.rdchem.Mol object at 0x7f7b9c3afae0>,dioxane,C1COCCO1,<rdkit.Chem.rdchem.Mol object at 0x7f7b9c34c810>,1,0.1,0.9,[0. 1.],Valid,[5.7599722e-05 9.9994242e-01],1
76,Poly(N-vinylpyrrolidone-co-vinyl acetate),"[0.4, 0.6]",generic,N-vinylpyrrolidone,vinyl acetate,C=CN1CCCC1=O,C=COC(C)=O,<rdkit.Chem.rdchem.Mol object at 0x7f7b9c393220>,<rdkit.Chem.rdchem.Mol object at 0x7f7b9c3a7860>,isopropanol,CC(C)O,<rdkit.Chem.rdchem.Mol object at 0x7f7b9c344590>,1,0.4,0.6,[0. 1.],Valid,[6.296962e-04 9.993703e-01],1
228,Poly(chlorotrifluoroethylene-co-vinylidene fluoride),"[0.75, 0.25]",generic,chlorotrifluoroethylene,vinylidene fluoride,FC(F)=C(F)Cl,C=C(F)F,<rdkit.Chem.rdchem.Mol object at 0x7f7b9c39dd60>,<rdkit.Chem.rdchem.Mol object at 0x7f7b9c3b3400>,amyl acetate,CCCCCOC(C)=O,<rdkit.Chem.rdchem.Mol object at 0x7f7b9c351130>,0,0.75,0.25,[1. 0.],Valid,[1.9351406e-04 9.9980646e-01],1
251,Poly(oxycarbonyltrimethyleneoxyethylene-co-methyl vinyl ether),"[0.3333333333333333, 0.6666666666666666]",generic,oxycarbonyltrimethyleneoxyethylene,methyl vinyl ether,O=C1C=COCCCO1,C=COC,<rdkit.Chem.rdchem.Mol object at 0x7f7b9c39f4f0>,<rdkit.Chem.rdchem.Mol object at 0x7f7b9c3b3b30>,diethyl ether,CCOCC,<rdkit.Chem.rdchem.Mol object at 0x7f7b9c351860>,0,0.3333333333333333,0.6666666666666666,[1. 0.],Valid,[0.05550958 0.94449043],1
78,Poly(N-vinylpyrrolidone-co-vinyl acetate),"[0.5, 0.5]",generic,N-vinylpyrrolidone,vinyl acetate,C=CN1CCCC1=O,C=COC(C)=O,<rdkit.Chem.rdchem.Mol object at 0x7f7b9c3932c0>,<rdkit.Chem.rdchem.Mol object at 0x7f7b9c3a7900>,water,O,<rdkit.Chem.rdchem.Mol object at 0x7f7b9c344630>,1,0.5,0.5,[0. 1.],Valid,[0.4570581  0.54294187],1
152,Poly(maleic anhydride-alt-2-propenylisocyanate),"[0.5, 0.5]",alternating,maleic anhydride,2-propenylisocyanate,O=C1C=CC(=O)O1,C=CCN=C=O,<rdkit.Chem.rdchem.Mol object at 0x7f7b9c398a40>,<rdkit.Chem.rdchem.Mol object at 0x7f7b9c3af0e0>,methyl ethyl ketone,CCC(C)=O,<rdkit.Chem.rdchem.Mol object at 0x7f7b9c348db0>,1,0.5,0.5,[0. 1.],Valid,[4.9549580e-04 9.9950445e-01],1
33,"Poly(phenyl vinyl ether-alt-2-phenyl-1,1-dicyanoethylene)","[0.5, 0.5]",alternating,phenyl vinyl ether,"2-phenyl-1,1-dicyanoethylene",C=COc1ccccc1,N#CC(C#N)=Cc1ccccc1,<rdkit.Chem.rdchem.Mol object at 0x7f7b9c390450>,<rdkit.Chem.rdchem.Mol object at 0x7f7b9c3a3a90>,chloroform,ClC(Cl)Cl,<rdkit.Chem.rdchem.Mol object at 0x7f7b9c3407c0>,1,0.5,0.5,[0. 1.],Valid,[0.00776743 0.99223256],1
156,Poly(maleic anhydride-alt-methyl vinyl ether),"[0.5, 0.5]",alternating,maleic anhydride,methyl vinyl ether,O=C1C=CC(=O)O1,C=COC,<rdkit.Chem.rdchem.Mol object at 0x7f7b9c398b80>,<rdkit.Chem.rdchem.Mol object at 0x7f7b9c3af220>,tetrahydrofuran,C1CCOC1,<rdkit.Chem.rdchem.Mol object at 0x7f7b9c348ef0>,1,0.5,0.5,[0. 1.],Valid,[0.23998898 0.760011  ],1
229,Poly(styrene-co-tert-butoxycarbonyloxystyrene),"[0.4444444444444444, 0.5555555555555556]",generic,styrene,tert-butoxycarbonyloxystyrene,C=Cc1ccccc1,CC(C)(C)OC(=O)OC=Cc1ccccc1,<rdkit.Chem.rdchem.Mol object at 0x7f7b9c39ddb0>,<rdkit.Chem.rdchem.Mol object at 0x7f7b9c3b3450>,methanol,CO,<rdkit.Chem.rdchem.Mol object at 0x7f7b9c351180>,0,0.4444444444444444,0.5555555555555556,[1. 0.],Valid,[9.990477e-01 9.523334e-04],0
245,Poly(carbon monoxide-co-styrene),"[0.5, 0.5]",generic,carbon monoxide,styrene,[C-]#[O+],C=Cc1ccccc1,<rdkit.Chem.rdchem.Mol object at 0x7f7b9c39f310>,<rdkit.Chem.rdchem.Mol object at 0x7f7b9c3b3950>,methanol,CO,<rdkit.Chem.rdchem.Mol object at 0x7f7b9c351680>,0,0.5,0.5,[1. 0.],Valid,[0.7018228  0.29817718],0
77,Poly(N-vinylpyrrolidone-co-vinyl alcohol),"[0.9285714285714286, 0.07142857142857142]",generic,N-vinylpyrrolidone,vinyl alcohol,C=CN1CCCC1=O,C=CO,<rdkit.Chem.rdchem.Mol object at 0x7f7b9c393270>,<rdkit.Chem.rdchem.Mol object at 0x7f7b9c3a78b0>,ethanol,CCO,<rdkit.Chem.rdchem.Mol object at 0x7f7b9c3445e0>,1,0.9285714285714286,0.07142857142857142,[0. 1.],Valid,[0.89931685 0.10068315],0
279,Poly(3-hydroxybutyric acid)-b-poly(e-caprolactone),"[0.3333333333333333, 0.6666666666666666]",block,3-hydroxybutyric acid,e-caprolactone,CC(O)CC(=O)O,O=C1CCCCCO1,<rdkit.Chem.rdchem.Mol object at 0x7f7b9c39fd60>,<rdkit.Chem.rdchem.Mol object at 0x7f7b9c339400>,methanol,CO,<rdkit.Chem.rdchem.Mol object at 0x7f7b9c355130>,0,0.3333333333333333,0.6666666666666666,[1. 0.],Valid,[0.8703893  0.12961075],0
260,Poly(ethylene terephthalate-co-e-caprolactone),"[0.5, 0.5]",generic,ethylene terephthalate,e-caprolactone,C=COC(=O)c1ccc(C(=O)O)cc1,O=C1CCCCCO1,<rdkit.Chem.rdchem.Mol object at 0x7f7b9c39f7c0>,<rdkit.Chem.rdchem.Mol object at 0x7f7b9c3b3e00>,methanol,CO,<rdkit.Chem.rdchem.Mol object at 0x7f7b9c351b30>,0,0.5,0.5,[1. 0.],Valid,[0.86496437 0.13503562],0
233,Poly(styrene-co-4-thiomethylstyrene),"[0.95, 0.05]",generic,styrene,4-thiomethylstyrene,C=Cc1ccccc1,C=Cc1ccc(C=S)cc1,<rdkit.Chem.rdchem.Mol object at 0x7f7b9c39def0>,<rdkit.Chem.rdchem.Mol object at 0x7f7b9c3b3590>,hexane,CCCCCC,<rdkit.Chem.rdchem.Mol object at 0x7f7b9c3512c0>,0,0.95,0.05,[1. 0.],Valid,[0.69043803 0.30956197],0
51,Poly(acrylonitrile-co-butadiene),"[0.8, 0.2]",generic,acrylonitrile,butadiene,C=CC#N,C=CC=C,<rdkit.Chem.rdchem.Mol object at 0x7f7b9c3909f0>,<rdkit.Chem.rdchem.Mol object at 0x7f7b9c3a7090>,toluene,Cc1ccccc1,<rdkit.Chem.rdchem.Mol object at 0x7f7b9c340d60>,1,0.8,0.2,[0. 1.],Valid,[0.6066102 0.3933898],0
157,Poly(maleic anhydride-alt-1-octadecene),"[0.5, 0.5]",alternating,maleic anhydride,1-octadecene,O=C1C=CC(=O)O1,C=CCCCCCCCCCCCCCCCC,<rdkit.Chem.rdchem.Mol object at 0x7f7b9c398bd0>,<rdkit.Chem.rdchem.Mol object at 0x7f7b9c3af270>,acetone,CC(C)=O,<rdkit.Chem.rdchem.Mol object at 0x7f7b9c348f40>,1,0.5,0.5,[0. 1.],Valid,[9.4583805e-04 9.9905413e-01],1
187,Poly(oxytetramethylene)-b-poly(e-caprolactone),"[0.2, 0.8]",block,oxytetramethylene,e-caprolactone,CCCCO,O=C1CCCCCO1,<rdkit.Chem.rdchem.Mol object at 0x7f7b9c39d310>,<rdkit.Chem.rdchem.Mol object at 0x7f7b9c3af950>,tetrahydrofuran,C1CCOC1,<rdkit.Chem.rdchem.Mol object at 0x7f7b9c34c680>,1,0.2,0.8,[0. 1.],Valid,[0.00144666 0.99855334],1
146,"Poly(dimethylsilylene-co-1,3-dihydro-1,3-dimethyldisilazane)","[0.5, 0.5]",generic,dimethylsilylene,"1,3-dihydro-1,3-dimethyldisilazane",C[Si]C,C[SiH2]N[SiH2]C,<rdkit.Chem.rdchem.Mol object at 0x7f7b9c398860>,<rdkit.Chem.rdchem.Mol object at 0x7f7b9c3aaea0>,decaline,C1CCC2CCCCC2C1,<rdkit.Chem.rdchem.Mol object at 0x7f7b9c348bd0>,1,0.5,0.5,[0. 1.],Test,[0.0432002  0.95679975],1
263,Poly[N-(acetyl)iminoethylene-co-N-(3-thiopheneylcarbonyl)iminoethylene],"[0.5, 0.5]",generic,N-acetyliminoethylene,N-3-thiopheneylcarbonyliminoethylene,C=C=NC(C)=O,C=C=NC(=O)c1ccsc1,<rdkit.Chem.rdchem.Mol object at 0x7f7b9c39f8b0>,<rdkit.Chem.rdchem.Mol object at 0x7f7b9c3b3ef0>,acetonitrile,CC#N,<rdkit.Chem.rdchem.Mol object at 0x7f7b9c351c20>,0,0.5,0.5,[1. 0.],Test,[0.081765   0.91823494],1
197,Polystyrene-b-poly(hexyl isocyanate),"[0.2, 0.8]",block,styrene,hexyl isocyanate,C=Cc1ccccc1,CCCCCCN=C=O,<rdkit.Chem.rdchem.Mol object at 0x7f7b9c39d590>,<rdkit.Chem.rdchem.Mol object at 0x7f7b9c3afbd0>,chloroform,ClC(Cl)Cl,<rdkit.Chem.rdchem.Mol object at 0x7f7b9c34c900>,1,0.2,0.8,[0. 1.],Test,[0.00471374 0.9952863 ],1
191,Polystyrene-b-poly(tert-butyl methacrylate),"[0.4, 0.6]",block,styrene,tert-butyl methacrylate,C=Cc1ccccc1,C=C(C)C(=O)OC(C)(C)C,<rdkit.Chem.rdchem.Mol object at 0x7f7b9c39d3b0>,<rdkit.Chem.rdchem.Mol object at 0x7f7b9c3af9f0>,dioxane,C1COCCO1,<rdkit.Chem.rdchem.Mol object at 0x7f7b9c34c720>,1,0.4,0.6,[0. 1.],Test,[2.6629727e-05 9.9997342e-01],1
28,Poly(methyl vinyl ether-alt-methyl tricyanoethylenecarboxylate),"[0.5, 0.5]",alternating,methyl vinyl ether,methyl tricyanoethylenecarboxylate,C=COC,COC(=O)C(C#N)=C(C#N)C#N,<rdkit.Chem.rdchem.Mol object at 0x7f7b9c3902c0>,<rdkit.Chem.rdchem.Mol object at 0x7f7b9c3a3900>,"n,N-dimethylacetamide",CC(=O)N(C)C,<rdkit.Chem.rdchem.Mol object at 0x7f7b9c340630>,1,0.5,0.5,[0. 1.],Test,[1.2654236e-05 9.9998736e-01],1
96,"Poly[oxy-3,5-bis(4-carboxyphenyl)-1,4-phenylene-co-oxy-3,5-bis(phenyl)-1,4-phenylene]","[0.38, 0.62]",generic,"oxy-3,5-bis4-carboxyphenyl-1,4-phenylene","oxy-3,5-bisphenyl-1,4-phenylene",O=C(O)c1ccc(C2=CC(c3ccc(C(=O)O)cc3)C(=O)C=C2)cc1,O=C1C=CC(c2ccccc2)=CC1c1ccccc1,<rdkit.Chem.rdchem.Mol object at 0x7f7b9c393860>,<rdkit.Chem.rdchem.Mol object at 0x7f7b9c3a7ea0>,dimethyl sulfoxide,CS(C)=O,<rdkit.Chem.rdchem.Mol object at 0x7f7b9c344bd0>,1,0.38,0.62,[0. 1.],Test,[0.00536879 0.9946312 ],1
91,Poly(carbon monoxide-co-styrene),"[0.5, 0.5]",generic,carbon monoxide,styrene,[C-]#[O+],C=Cc1ccccc1,<rdkit.Chem.rdchem.Mol object at 0x7f7b9c3936d0>,<rdkit.Chem.rdchem.Mol object at 0x7f7b9c3a7d10>,hexafluoroisopropanol,OC(C(F)(F)F)C(F)(F)F,<rdkit.Chem.rdchem.Mol object at 0x7f7b9c344a40>,1,0.5,0.5,[0. 1.],Test,[7.245016e-08 9.999999e-01],1
274,"Poly(2,5-thiophenediyl-co-dimethylsilylene)","[0.4, 0.6]",generic,"2,5-thiophenediyl",dimethylsilylene,c1ccsc1,C[Si]C,<rdkit.Chem.rdchem.Mol object at 0x7f7b9c39fc20>,<rdkit.Chem.rdchem.Mol object at 0x7f7b9c3392c0>,methanol,CO,<rdkit.Chem.rdchem.Mol object at 0x7f7b9c351f90>,0,0.4,0.6,[1. 0.],Test,[0.35496238 0.6450376 ],1
19,Poly(methyl methacrylate-co-2-acrylamido-2-methyl-1-propanesulfonic acid),"[0.95, 0.05]",generic,methyl methacrylate,2-acrylamido-2-methyl-1-propanesulfonic acid,C=C(C)C(=O)OC,C=CC(=O)NC(C)(C)CS(=O)(=O)O,<rdkit.Chem.rdchem.Mol object at 0x7f7b9c38bf90>,<rdkit.Chem.rdchem.Mol object at 0x7f7b9c3a3630>,benzene,c1ccccc1,<rdkit.Chem.rdchem.Mol object at 0x7f7b9c340360>,1,0.95,0.05,[0. 1.],Test,[0.9029872  0.09701279],0
30,Poly(methyl vinyl ether-alt-methyl tricyanoethylenecarboxylate),"[0.5, 0.5]",alternating,methyl vinyl ether,methyl tricyanoethylenecarboxylate,C=COC,COC(=O)C(C#N)=C(C#N)C#N,<rdkit.Chem.rdchem.Mol object at 0x7f7b9c390360>,<rdkit.Chem.rdchem.Mol object at 0x7f7b9c3a39a0>,nitromethane,C[N+](=O)[O-],<rdkit.Chem.rdchem.Mol object at 0x7f7b9c3406d0>,1,0.5,0.5,[0. 1.],Test,[2.8720437e-04 9.9971277e-01],1
92,Poly(carbon monoxide-co-styrene),"[0.5, 0.5]",generic,carbon monoxide,styrene,[C-]#[O+],C=Cc1ccccc1,<rdkit.Chem.rdchem.Mol object at 0x7f7b9c393720>,<rdkit.Chem.rdchem.Mol object at 0x7f7b9c3a7d60>,methylene chloride,ClCCl,<rdkit.Chem.rdchem.Mol object at 0x7f7b9c344a90>,1,0.5,0.5,[0. 1.],Test,[0.10989036 0.89010966],1
70,Poly(styrene-co-4-vinylpyridine),"[0.5, 0.5]",generic,styrene,4-vinylpyridine,C=Cc1ccccc1,C=Cc1ccncc1,<rdkit.Chem.rdchem.Mol object at 0x7f7b9c393040>,<rdkit.Chem.rdchem.Mol object at 0x7f7b9c3a7680>,tetrahydrofuran,C1CCOC1,<rdkit.Chem.rdchem.Mol object at 0x7f7b9c3443b0>,1,0.5,0.5,[0. 1.],Test,[0.0037927  0.99620724],1
113,Poly(oxyterephthaloyloxyethylene-co-oxyhexanoyl),"[0.5, 0.5]",generic,oxyterephthaloyloxyethylene,oxyhexanoyl,O=c1occoc(=O)c2ccc1cc2,O=CCCCCC=O,<rdkit.Chem.rdchem.Mol object at 0x7f7b9c393db0>,<rdkit.Chem.rdchem.Mol object at 0x7f7b9c3aa450>,chloroform,ClC(Cl)Cl,<rdkit.Chem.rdchem.Mol object at 0x7f7b9c348180>,1,0.5,0.5,[0. 1.],Test,[0.04582194 0.9541781 ],1
282,Polystyrene-b-poly(tert-butyl methacrylate),"[0.4, 0.6]",block,styrene,tert-butyl methacrylate,C=Cc1ccccc1,C=C(C)C(=O)OC(C)(C)C,<rdkit.Chem.rdchem.Mol object at 0x7f7b9c39fe00>,<rdkit.Chem.rdchem.Mol object at 0x7f7b9c3394a0>,hexane,CCCCCC,<rdkit.Chem.rdchem.Mol object at 0x7f7b9c3551d0>,0,0.4,0.6,[1. 0.],Test,[0.03924487 0.96075517],1
99,Poly(oxycarbonylpentamethylene-co-oxycarbonyl-3-hydroxypentamethylene),"[0.9, 0.1]",generic,oxycarbonylpentamethylene,oxycarbonyl-3-hydroxypentamethylene,CCCCCOC=O,CCC(O)CCOC=O,<rdkit.Chem.rdchem.Mol object at 0x7f7b9c393950>,<rdkit.Chem.rdchem.Mol object at 0x7f7b9c3a7f90>,methylene chloride,ClCCl,<rdkit.Chem.rdchem.Mol object at 0x7f7b9c344cc0>,1,0.9,0.1,[0. 1.],Test,[0.7135586  0.28644142],0
82,Poly(2-vinylpyridine-co-styrene),"[0.7, 0.3]",generic,2-vinylpyridine,styrene,C=Cc1ccccn1,C=Cc1ccccc1,<rdkit.Chem.rdchem.Mol object at 0x7f7b9c393400>,<rdkit.Chem.rdchem.Mol object at 0x7f7b9c3a7a40>,chloroform,ClC(Cl)Cl,<rdkit.Chem.rdchem.Mol object at 0x7f7b9c344770>,1,0.7,0.3,[0. 1.],Test,[0.07235274 0.92764723],1
192,Polystyrene-b-poly(tert-butyl methacrylate),"[0.2, 0.8]",block,styrene,tert-butyl methacrylate,C=Cc1ccccc1,C=C(C)C(=O)OC(C)(C)C,<rdkit.Chem.rdchem.Mol object at 0x7f7b9c39d400>,<rdkit.Chem.rdchem.Mol object at 0x7f7b9c3afa40>,dioxane,C1COCCO1,<rdkit.Chem.rdchem.Mol object at 0x7f7b9c34c770>,1,0.2,0.8,[0. 1.],Test,[7.1386662e-06 9.9999285e-01],1
66,Poly(styrene-co-maleic anhydride),"[0.5, 0.5]",generic,styrene,maleic anhydride,C=Cc1ccccc1,O=C1C=CC(=O)O1,<rdkit.Chem.rdchem.Mol object at 0x7f7b9c390ea0>,<rdkit.Chem.rdchem.Mol object at 0x7f7b9c3a7540>,methyl ethyl ketone,CCC(C)=O,<rdkit.Chem.rdchem.Mol object at 0x7f7b9c344270>,1,0.5,0.5,[0. 1.],Test,[9.003434e-05 9.999100e-01],1
93,"Poly[oxy-3,5-bis(4-carboxyphenyl)-1,4-phenylene-co-oxy-3,5-bis(phenyl)-1,4-phenylene]","[0.13, 0.87]",generic,"oxy-3,5-bis4-carboxyphenyl-1,4-phenylene","oxy-3,5-bisphenyl-1,4-phenylene",O=C(O)c1ccc(C2=CC(c3ccc(C(=O)O)cc3)C(=O)C=C2)cc1,O=C1C=CC(c2ccccc2)=CC1c1ccccc1,<rdkit.Chem.rdchem.Mol object at 0x7f7b9c393770>,<rdkit.Chem.rdchem.Mol object at 0x7f7b9c3a7db0>,"n,N-dimethylformamide",CN(C)C=O,<rdkit.Chem.rdchem.Mol object at 0x7f7b9c344ae0>,1,0.13,0.87,[0. 1.],Test,[0.24655703 0.75344294],1
170,Poly(butyl acrylate)-b-poly[3-(pentamethyldisiloxy)propylmethacrylate],"[0.75, 0.25]",block,butyl acrylate,3-pentamethyldisiloxypropylmethacrylate,C=CC(=O)OCCCC,C=C(CCCCO[Si](C)(C)[Si](C)(C)C)C(=O)[O-],<rdkit.Chem.rdchem.Mol object at 0x7f7b9c398ef0>,<rdkit.Chem.rdchem.Mol object at 0x7f7b9c3af590>,tetrahydrofuran,C1CCOC1,<rdkit.Chem.rdchem.Mol object at 0x7f7b9c34c2c0>,1,0.75,0.25,[0. 1.],Test,[0.00312257 0.99687743],1
127,Poly(1-hexyne-co-sulfur dioxide),"[0.5, 0.5]",generic,1-hexyne,sulfur dioxide,C#CCCCC,O=S=O,<rdkit.Chem.rdchem.Mol object at 0x7f7b9c398270>,<rdkit.Chem.rdchem.Mol object at 0x7f7b9c3aa8b0>,acetone,CC(C)=O,<rdkit.Chem.rdchem.Mol object at 0x7f7b9c3485e0>,1,0.5,0.5,[0. 1.],Test,[0.00115844 0.9988416 ],1
81,Poly(2-vinylpyridine-co-styrene),"[0.7, 0.3]",generic,2-vinylpyridine,styrene,C=Cc1ccccn1,C=Cc1ccccc1,<rdkit.Chem.rdchem.Mol object at 0x7f7b9c3933b0>,<rdkit.Chem.rdchem.Mol object at 0x7f7b9c3a79f0>,benzene,c1ccccc1,<rdkit.Chem.rdchem.Mol object at 0x7f7b9c344720>,1,0.7,0.3,[0. 1.],Test,[0.66704667 0.3329534 ],0
215,Polypropylene-b-poly(methacrylic acid),"[0.6666666666666666, 0.3333333333333333]",block,propylene,methacrylic acid,C=CC,C=C(C)C(=O)O,<rdkit.Chem.rdchem.Mol object at 0x7f7b9c39d950>,<rdkit.Chem.rdchem.Mol object at 0x7f7b9c3aff90>,tetrahydrofuran,C1CCOC1,<rdkit.Chem.rdchem.Mol object at 0x7f7b9c34ccc0>,1,0.6666666666666666,0.3333333333333333,[0. 1.],Test,[0.00880198 0.991198  ],1
87,"Poly(carbonylethylene-co-carbonyl-1,2-propylene)","[0.7, 0.3]",generic,carbonylethylene,"carbonyl-1,2-propylene",C=C=C=O,CCCC=O,<rdkit.Chem.rdchem.Mol object at 0x7f7b9c393590>,<rdkit.Chem.rdchem.Mol object at 0x7f7b9c3a7bd0>,cresol,Cc1ccccc1O,<rdkit.Chem.rdchem.Mol object at 0x7f7b9c344900>,1,0.7,0.3,[0. 1.],Test,[4.7962894e-05 9.9995208e-01],1
239,Poly(N-vinylpyrrolidone-co-1-hexadecene),"[0.3333333333333333, 0.6666666666666666]",generic,N-vinylpyrrolidone,1-hexadecene,C=CN1CCCC1=O,C=CCCCCCCCCCCCCCC,<rdkit.Chem.rdchem.Mol object at 0x7f7b9c39f130>,<rdkit.Chem.rdchem.Mol object at 0x7f7b9c3b3770>,Water,O,<rdkit.Chem.rdchem.Mol object at 0x7f7b9c3514a0>,0,0.3333333333333333,0.6666666666666666,[1. 0.],Test,[0.9989028  0.00109724],0
252,Poly(oxycarbonyltrimethyleneoxyethylene-co-methyl vinyl ether),"[0.2, 0.8]",generic,oxycarbonyltrimethyleneoxyethylene,methyl vinyl ether,O=C1C=COCCCO1,C=COC,<rdkit.Chem.rdchem.Mol object at 0x7f7b9c39f540>,<rdkit.Chem.rdchem.Mol object at 0x7f7b9c3b3b80>,diethyl ether,CCOCC,<rdkit.Chem.rdchem.Mol object at 0x7f7b9c3518b0>,0,0.2,0.8,[1. 0.],Test,[0.02088351 0.9791165 ],1
38,Poly(vinyl alcohol-co-vinyl pentanal),"[0.5, 0.5]",generic,vinyl alcohol,vinyl pentanal,C=CO,C=CC(C=O)CCC,<rdkit.Chem.rdchem.Mol object at 0x7f7b9c3905e0>,<rdkit.Chem.rdchem.Mol object at 0x7f7b9c3a3c20>,benzene,c1ccccc1,<rdkit.Chem.rdchem.Mol object at 0x7f7b9c340950>,1,0.5,0.5,[0. 1.],Test,[0.03620893 0.9637911 ],1
