polymer;comonomer_ratios;copolymer_type;mono1_name;mono2_name;mono1_smiles;mono2_smiles;mono3_smiles;solvent_characteristic;mono3_name;solvent;solvent_smiles;references;polymer_comments;solv_comments
Poly(butadiene-co-styrene);['7', '3'];generic;butadiene;styrene;C=CC=C;C=CC1=CC=CC=C1;;1;;benzene;C1=CC=CC=C1;7;;
Poly(butadiene-co-styrene);['95', '5'];generic;butadiene;styrene;C=CC=C;C=CC1=CC=CC=C1;;1;;benzene;C1=CC=CC=C1;7;;
Poly(butadiene-co-styrene);['7', '3'];generic;butadiene;styrene;C=CC=C;C=CC1=CC=CC=C1;;1;;cyclohexane;C1CCCCC1;7;;
Poly(butadiene-co-styrene);['95', '5'];generic;butadiene;styrene;C=CC=C;C=CC1=CC=CC=C1;;1;;cyclohexane;C1CCCCC1;7;;
Poly(butadiene-co-styrene);['7', '3'];generic;butadiene;styrene;C=CC=C;C=CC1=CC=CC=C1;;1;;toluene;CC1=CC=CC=C1;7;;
Poly(butadiene-co-styrene);['95', '5'];generic;butadiene;styrene;C=CC=C;C=CC1=CC=CC=C1;;1;;toluene;CC1=CC=CC=C1;7;;
Poly(butadiene-co-acrylonitrile);['1', '1'];generic;butadiene;acrylonitrile;C=CC=C;C=CC#N;;1;;acetone;CC(C)=O;NA;;
Poly(butadiene-co-acrylonitrile);['1', '1'];generic;butadiene;acrylonitrile;C=CC=C;C=CC#N;;1;;benzene;C1=CC=CC=C1;NA;;
Poly(butadiene-co-acrylonitrile);['1', '1'];generic;butadiene;acrylonitrile;C=CC=C;C=CC#N;;1;;chloroform;ClC(Cl)Cl;NA;;
Poly(ethylene-co-propylene);['3', '2'];generic;ethylene;propylene;C=C;CC=C;;1;;benzene;C1=CC=CC=C1;32;;xylene (hot)
Poly(ethylene-co-acrylic acid);['6', '1'];generic;ethylene;acrylic acid;C=C;C=CC(O)=O;;1;;xylene;CC1=CC=C(C)C=C1;32;;
Poly(ethylene-co-propylene-co-5-methylene-2-norbornene);['40', '55', '5'];generic;ethylene;propylene;C=C;CC=C;C=C1C2C=CC(C2)C1;1;5-methylene-2-norbornene;1,2,4-Trichlorobenzene;ClC1=CC=C(Cl)C(Cl)=C1;32;;
Poly(ethylene-co-1,4-hexadiene);['97', '3'];generic;ethylene;1,4-hexadiene;C=C;C=CCC=CC;;1;;toluene;CC1=CC=CC=C1;50;;
Poly(ethylene-co-1-cyano-1,4-butylene);['1', '2'];generic;ethylene;1-cyano-1,4-butylene;C=C;[CH2]CC[CH]C#N;;1;;chloroform;ClC(Cl)Cl;51;;acetone (hot)
Poly(ethylene-co-1-cyano-1,4-butylene);['1', '2'];generic;ethylene;1-cyano-1,4-butylene;C=C;[CH2]CC[CH]C#N;;1;;n,n-dimethylacetamide;CC(N(C)C)=O;51;;acetone (hot)
Poly(ethylene-co-1-cyano-1,4-butylene);['1', '2'];generic;ethylene;1-cyano-1,4-butylene;C=C;[CH2]CC[CH]C#N;;1;;dimethyl sulfoxide;O=S(C)C;51;;acetone (hot)
Poly(isobutylene-co-4-methylstyrene);['95', '5'];generic;isobutylene;4-methylstyrene;C=C(C)C;C=CC1=CC=C(C)C=C1;;1;;chloroform;ClC(Cl)Cl;52;;
Poly[hexene-co-N,N-di(isopropyl)amino-1-pentene];['2', '3'];generic;hexene;N,N-diisopropylamino-1-pentene;C=CCCCC;C=CCCCN(C(C)C)C(C)C;;1;;hexane;CCCCCC;53;;
Poly(vinylcyclohexane-co-methyl acrylate);['9', '1'];generic;vinylcyclohexane;methyl acrylate;C=CC1CCCCC1;C=CC(OC)=O;;1;;tetrahydrofuran;O1CCCC1;6;;
Poly(methyl methacrylate-co-2-acrylamido-2-methyl-1-propanesulfonic acid);['95', '5'];generic;methyl methacrylate;2-acrylamido-2-methyl-1-propanesulfonic acid;CC(C(OC)=O)=C;CC(C)(NC(C=C)=O)CS(=O)(O)=O;;1;;benzene;C1=CC=CC=C1;A32;;
Poly(methyl methacrylate-co-2-acrylamido-2-methyl-1-propanesulfonic acid);['95', '5'];generic;methyl methacrylate;2-acrylamido-2-methyl-1-propanesulfonic acid;CC(C(OC)=O)=C;CC(C)(NC(C=C)=O)CS(=O)(O)=O;;1;;toluene;CC1=CC=CC=C1;A32;;
Poly(butyl methacrylate-co-i-butyl methacrylate);['1', '1'];generic;butyl methacrylate;i-butyl methacrylate;CC(C(OCCCC)=O)=C;CC(C(OCC(C)C)=O)=C;;1;;acetone;CC(C)=O;32;;
Poly(butyl methacrylate-co-i-butyl methacrylate);['1', '1'];generic;butyl methacrylate;i-butyl methacrylate;CC(C(OCCCC)=O)=C;CC(C(OCC(C)C)=O)=C;;1;;methyl ethyl ketone;O=C(C)CC;32;;
Poly(butyl methacrylate-co-i-butyl methacrylate);['1', '1'];generic;butyl methacrylate;i-butyl methacrylate;CC(C(OCCCC)=O)=C;CC(C(OCC(C)C)=O)=C;;1;;methylene chloride;ClCCl;32;;
Poly[2-(dimethylamino)ethyl methacrylate-co-acrylamide];['4', '1'];generic;2-dimethylaminoethyl methacrylate;acrylamide;CC(C(OCCN(C)C)=O)=C;C=CC(N)=O;;1;;water;[H]O[H];79;;
Poly[2-(dimethylamino)ethyl methacrylate-co-acrylamide];['3', '2'];generic;2-dimethylaminoethyl methacrylate;acrylamide;CC(C(OCCN(C)C)=O)=C;C=CC(N)=O;;1;;water;[H]O[H];79;;
Poly(N-dodecylacrylamide-co-N-vinylcarbazole);['15', '1'];generic;N-dodecylacrylamide;N-vinylcarbazole;C=CC(NCCCCCCCCCCCC)=O;C=CN1C2=C(C3=C1C=CC=C3)C=CC=C2;;1;;chloroform;ClC(Cl)Cl;91;;
Poly(N-dodecylacrylamide-co-N-vinylcarbazole);['1', '2'];generic;N-dodecylacrylamide;N-vinylcarbazole;C=CC(NCCCCCCCCCCCC)=O;C=CN1C2=C(C3=C1C=CC=C3)C=CC=C2;;1;;chloroform;ClC(Cl)Cl;91;;
Poly(methyl vinyl ether-alt-methyl tricyanoethylenecarboxylate);['1', '1'];alternating;methyl vinyl ether;methyl tricyanoethylenecarboxylate;C=COC;O=C(C(C#N)=C(C#N)C#N)OC;;1;;n,N-dimethylacetamide;CC(N(C)C)=O;103;;
Poly(methyl vinyl ether-alt-methyl tricyanoethylenecarboxylate);['1', '1'];alternating;methyl vinyl ether;methyl tricyanoethylenecarboxylate;C=COC;O=C(C(C#N)=C(C#N)C#N)OC;;1;;n,n-dimethylformamide;O=CN(C)C;103;;
Poly(methyl vinyl ether-alt-methyl tricyanoethylenecarboxylate);['1', '1'];alternating;methyl vinyl ether;methyl tricyanoethylenecarboxylate;C=COC;O=C(C(C#N)=C(C#N)C#N)OC;;1;;nitromethane;C[N+]([O-])=O;103;;
Poly(phenyl vinyl ether-alt-2-phenyl-1,1-dicyanoethylene);['1', '1'];alternating;phenyl vinyl ether;2-phenyl-1,1-dicyanoethylene;C=COC1=CC=CC=C1;N#CC(C#N)=CC1=CC=CC=C1;;1;;acetone;CC(C)=O;104;;
Poly(phenyl vinyl ether-alt-2-phenyl-1,1-dicyanoethylene);['1', '1'];alternating;phenyl vinyl ether;2-phenyl-1,1-dicyanoethylene;C=COC1=CC=CC=C1;N#CC(C#N)=CC1=CC=CC=C1;;1;;carbon tetrachloride;ClC(Cl)(Cl)Cl;104;;
Poly(phenyl vinyl ether-alt-2-phenyl-1,1-dicyanoethylene);['1', '1'];alternating;phenyl vinyl ether;2-phenyl-1,1-dicyanoethylene;C=COC1=CC=CC=C1;N#CC(C#N)=CC1=CC=CC=C1;;1;;chloroform;ClC(Cl)Cl;104;;
Poly(phenyl vinyl ether-alt-2-phenyl-1,1-dicyanoethylene);['1', '1'];alternating;phenyl vinyl ether;2-phenyl-1,1-dicyanoethylene;C=COC1=CC=CC=C1;N#CC(C#N)=CC1=CC=CC=C1;;1;;n,n-dimethylformamide;O=CN(C)C;104;;
Poly(phenyl vinyl ether-alt-2-phenyl-1,1-dicyanoethylene);['1', '1'];alternating;phenyl vinyl ether;2-phenyl-1,1-dicyanoethylene;C=COC1=CC=CC=C1;N#CC(C#N)=CC1=CC=CC=C1;;1;;dimethyl sulfoxide;O=S(C)C;104;;
Poly(phenyl vinyl ether-alt-2-phenyl-1,1-dicyanoethylene);['1', '1'];alternating;phenyl vinyl ether;2-phenyl-1,1-dicyanoethylene;C=COC1=CC=CC=C1;N#CC(C#N)=CC1=CC=CC=C1;;1;;tetrahydrofuran;O1CCCC1;104;;
Poly(vinyl alcohol-co-maleic anhydride);['1', '1'];generic;vinyl alcohol;maleic anhydride;C=CO;O=C(O1)C=CC1=O;;1;;acetone;CC(C)=O;10;;
Poly(vinyl alcohol-co-vinyl pentanal);['1', '1'];generic;vinyl alcohol;vinyl pentanal;C=CO;CCCC(C=C)C=O;;1;;benzene;C1=CC=CC=C1;110;;
Poly(vinyl alcohol-co-vinyl pentanal);['1', '1'];generic;vinyl alcohol;vinyl pentanal;C=CO;CCCC(C=C)C=O;;1;;chloroform;ClC(Cl)Cl;110;;
Poly(vinylidene chloride cyanide-alt-1,3-cyclohexadiene);['1', '1'];alternating;vinylidene chloride cyanide;1,3-cyclohexadiene;C=C(C#N)Cl;C1=CC=CCC1;;1;;chloroform;ClC(Cl)Cl;128;;
Poly(chlorotrifluoroethylene-co-vinylidene fluoride);['3', '1'];generic;chlorotrifluoroethylene;vinylidene fluoride;FC(F)=C(Cl)F;C=C(F)F;;1;;methyl ethyl ketone;O=C(C)CC;12;;
Poly[tetrafluoroethylene-co-4,5-difluoro-2,2-bis(trifluoromethyl)-1,3-dioxole];['13', '87 '];generic;tetrafluoroethylene;4,5-difluoro-2,2-bistrifluoromethyl-1,3-dioxole;FC(F)=C(F)F;FC(C1(C(F)(F)F)OC(F)=C(F)O1)(F)F;;1;;hexafluorobenzene;FC1=C(F)C(F)=C(F)C(F)=C1F;131;;
Poly[tetrafluoroethylene-co-4,5-difluoro-2,2-bis(trifluoromethyl)-1,3-dioxole];[' 35', '65'];generic;tetrafluoroethylene;4,5-difluoro-2,2-bistrifluoromethyl-1,3-dioxole;FC(F)=C(F)F;FC(C1(C(F)(F)F)OC(F)=C(F)O1)(F)F;;1;;hexafluorobenzene;FC1=C(F)C(F)=C(F)C(F)=C1F;131;;
Poly[tetrafluoroethylene-co-4,5-difluoro-2,2-bis(trifluoromethyl)-1,3-dioxole];['13', '87 '];generic;tetrafluoroethylene;4,5-difluoro-2,2-bistrifluoromethyl-1,3-dioxole;FC(F)=C(F)F;FC(C1(C(F)(F)F)OC(F)=C(F)O1)(F)F;;1;;perfluorooctane;FC(F)(F)C(F)(F)C(F)(F)C(F)(F)C(F)(F)C(F)(F)C(F)(F)C(F)(F)F;131;;
Poly[tetrafluoroethylene-co-4,5-difluoro-2,2-bis(trifluoromethyl)-1,3-dioxole];[' 35', '65'];generic;tetrafluoroethylene;4,5-difluoro-2,2-bistrifluoromethyl-1,3-dioxole;FC(F)=C(F)F;FC(C1(C(F)(F)F)OC(F)=C(F)O1)(F)F;;1;;perfluorooctane;FC(F)(F)C(F)(F)C(F)(F)C(F)(F)C(F)(F)C(F)(F)C(F)(F)C(F)(F)F;131;;
Poly(acrylonitrile-co-vinyl acetate);['98', '2'];generic;acrylonitrile;vinyl acetate;C=CC#N;CC(OC=C)=O;;1;;n,N-dimethylformamide;O=CN(C)C;136;;
Poly(vinylidine fluoride-co-ethyl vinyl ether);['1', '1'];generic;vinylidine fluoride;ethyl vinyl ether;C=C(F)F;C=COCC;;1;;tetrahydrofuran;O1CCCC1;135;;
Poly(acrylonitrile-co-butadiene);['2', '3'];generic;acrylonitrile;butadiene;C=CC#N;C=CC=C;;1;;methyl ethyl ketone;O=C(C)CC;32;;tetrahydrofuran (partially)
Poly(acrylonitrile-co-butadiene);['4', '1'];generic;acrylonitrile;butadiene;C=CC#N;C=CC=C;;1;;methyl ethyl ketone;O=C(C)CC;32;;tetrahydrofuran (partially)
Poly(acrylonitrile-co-butadiene);['2', '3'];generic;acrylonitrile;butadiene;C=CC#N;C=CC=C;;1;;toluene;CC1=CC=CC=C1;32;;tetrahydrofuran (partially)
Poly(acrylonitrile-co-butadiene);['4', '1'];generic;acrylonitrile;butadiene;C=CC#N;C=CC=C;;1;;toluene;CC1=CC=CC=C1;32;;tetrahydrofuran (partially)
Poly(styrene-co-allyl alcohol);['94', '6'];generic;styrene;allyl alcohol;C=CC1=CC=CC=C1;C=CCO;;1;;tetrahydrofuran;O1CCCC1;32;;['alcohols', 'aromatic hydrocarbons', 'esters']
Poly(styrene-co-acrylonitrile);['3', '2'];generic;styrene;acrylonitrile;C=CC1=CC=CC=C1;C=CC#N;;1;;chloroform;ClC(Cl)Cl;7,32,155;;
Poly(styrene-co-acrylonitrile);['3', '2'];generic;styrene;acrylonitrile;C=CC1=CC=CC=C1;C=CC#N;;1;;methyl ethyl ketone;O=C(C)CC;7,32,155;;
Poly(styrene-co-acrylonitrile);['3', '2'];generic;styrene;acrylonitrile;C=CC1=CC=CC=C1;C=CC#N;;1;;methylene chloride;ClCCl;7,32,155;;
Poly(styrene-co-acrylonitrile);['3', '2'];generic;styrene;acrylonitrile;C=CC1=CC=CC=C1;C=CC#N;;1;;methanol;CO;7,32,155;;
Poly(styrene-co-acrylonitrile);['3', '2'];generic;styrene;acrylonitrile;C=CC1=CC=CC=C1;C=CC#N;;1;;tetrahydrofuran;O1CCCC1;7,32,155;;
Poly(styrene-co-tert-butoxycarbonyloxystyrene);['4', '5'];generic;styrene;tert-butoxycarbonyloxystyrene;C=CC1=CC=CC=C1;O=C(OC=CC1=CC=CC=C1)OC(C)(C)C;;1;;tetrahydrofuran;O1CCCC1;156;;
Poly(styrene-co-tert-butoxycarbonyloxystyrene);['4', '5'];generic;styrene;tert-butoxycarbonyloxystyrene;C=CC1=CC=CC=C1;O=C(OC=CC1=CC=CC=C1)OC(C)(C)C;;1;;pyridine;C1=NC=CC=C1;156;;
Poly(styrene-co-butyl methacrylate);['1', '1'];generic;styrene;butyl methacrylate;C=CC1=CC=CC=C1;CC(C(OCCCC)=O)=C;;1;;methyl ethyl ketone;O=C(C)CC;32;;
Poly(styrene-co-butyl methacrylate);['1', '1'];generic;styrene;butyl methacrylate;C=CC1=CC=CC=C1;CC(C(OCCCC)=O)=C;;1;;toluene;CC1=CC=CC=C1;32;;
Poly(styrene-alt-2,4-diamino-6-vinyl-1,3,5-triazine);['1', '1'];alternating;styrene;2,4-diamino-6-vinyl-1,3,5-triazine;C=CC1=CC=CC=C1;C=CC1=NC(N)=NC(N)=N1;;1;;dimethyl sulfoxide;O=S(C)C;NA;;
Poly(styrene-alt-2,4-diamino-6-vinyl-1,3,5-triazine);['1', '1'];alternating;styrene;2,4-diamino-6-vinyl-1,3,5-triazine;C=CC1=CC=CC=C1;C=CC1=NC(N)=NC(N)=N1;;1;;hexafluoroisopropanol;FC(F)(F)C(O)C(F)(F)F;NA;;
Poly(styrene-co-maleic anhydride);['1', '1'];generic;styrene;maleic anhydride;C=CC1=CC=CC=C1;O=C(O1)C=CC1=O;;1;;acetone;CC(C)=O;32,158;;
Poly(styrene-co-maleic anhydride);['1', '1'];generic;styrene;maleic anhydride;C=CC1=CC=CC=C1;O=C(O1)C=CC1=O;;1;;acetonitrile;CC#N;32,158;;
Poly(styrene-co-maleic anhydride);['1', '1'];generic;styrene;maleic anhydride;C=CC1=CC=CC=C1;O=C(O1)C=CC1=O;;1;;methyl ethyl ketone;O=C(C)CC;32,158;;
Poly(styrene-alt-maleimide);['1', '1'];alternating;styrene;maleimide;C=CC1=CC=CC=C1;O=C(N1)C=CC1=O;;1;;tetrahydrofuran;O1CCCC1;157;;
Poly(styrene-co-4-thiomethylstyrene);['95', '5'];generic;styrene;4-thiomethylstyrene;C=CC1=CC=CC=C1;C=CC1=CC=C(C=S)C=C1;;1;;tetrahydrofuran;O1CCCC1;159;;
Poly(styrene-co-4-vinylpyridine);['1', '1'];generic;styrene;4-vinylpyridine;C=CC1=CC=CC=C1;C=CC1=CC=NC=C1;;1;;n,N-dimethylformamide;O=CN(C)C;32;;
Poly(styrene-co-4-vinylpyridine);['1', '1'];generic;styrene;4-vinylpyridine;C=CC1=CC=CC=C1;C=CC1=CC=NC=C1;;1;;tetrahydrofuran;O1CCCC1;32;;
Poly(N-vinylpyrrolidone-co-acrylic acid);['3', '1'];generic;N-vinylpyrrolidone;acrylic acid;C=CN1C(CCC1)=O;C=CC(O)=O;;1;;n-methylpyrrolidone;CN1C(CCC1)=O;183;;
Poly(N-vinylpyrrolidone-co-acrylic acid);['3', '1'];generic;N-vinylpyrrolidone;acrylic acid;C=CN1C(CCC1)=O;C=CC(O)=O;;1;;n-methylpyrrolidone;CN1C(CCC1)=O;183;;
Poly(N-vinylpyrrolidone-co-vinyl acetate);['1', '4'];generic;N-vinylpyrrolidone;vinyl acetate;C=CN1C(CCC1)=O;CC(OC=C)=O;;1;;ethanol;CCO;186;;
Poly(N-vinylpyrrolidone-co-vinyl acetate);['2', '3'];generic;N-vinylpyrrolidone;vinyl acetate;C=CN1C(CCC1)=O;CC(OC=C)=O;;1;;ethanol;CCO;186;;
Poly(N-vinylpyrrolidone-co-vinyl acetate);['1', '4'];generic;N-vinylpyrrolidone;vinyl acetate;C=CN1C(CCC1)=O;CC(OC=C)=O;;1;;isopropanol;CC(O)C;186;;
Poly(N-vinylpyrrolidone-co-vinyl acetate);['2', '3'];generic;N-vinylpyrrolidone;vinyl acetate;C=CN1C(CCC1)=O;CC(OC=C)=O;;1;;isopropanol;CC(O)C;186;;
Poly(N-vinylpyrrolidone-co-vinyl alcohol);['13', '1'];generic;N-vinylpyrrolidone;vinyl alcohol;C=CN1C(CCC1)=O;C=CO;;1;;ethanol;CCO;187;;
Poly(N-vinylpyrrolidone-co-vinyl acetate);['1', '1'];generic;N-vinylpyrrolidone;vinyl acetate;C=CN1C(CCC1)=O;CC(OC=C)=O;;1;;water;[H]O[H];32,681;;
Poly(N-vinylformamide-co-methyl 3-phenyl-2-cyanopropenoate);['1', '1'];generic;N-vinylformamide;methyl 3-phenyl-2-cyanopropenoate;O=CNC=C;O=C(OC)C(C#N)=CC1=CC=CC=C1;;1;;n,N-dimethylformamide;O=CN(C)C;697;;dimethyl sulfoxide (partially)
Poly(N-vinylformamide-co-methyl 3-phenyl-2-cyanopropenoate);['1', '1'];generic;N-vinylformamide;methyl 3-phenyl-2-cyanopropenoate;O=CNC=C;O=C(OC)C(C#N)=CC1=CC=CC=C1;;1;;n-methylpyrrolidone;CN1C(CCC1)=O;697;;dimethyl sulfoxide (partially)
Poly(2-vinylpyridine-co-styrene);['7', '3'];generic;2-vinylpyridine;styrene;C=CC1=NC=CC=C1;C=CC1=CC=CC=C1;;1;;benzene;C1=CC=CC=C1;32;;
Poly(2-vinylpyridine-co-styrene);['7', '3'];generic;2-vinylpyridine;styrene;C=CC1=NC=CC=C1;C=CC1=CC=CC=C1;;1;;chloroform;ClC(Cl)Cl;32;;
Poly(2-vinylpyridine-co-styrene);['7', '3'];generic;2-vinylpyridine;styrene;C=CC1=NC=CC=C1;C=CC1=CC=CC=C1;;1;;methyl ethyl ketone;O=C(C)CC;32;;
Poly(2-vinylpyridine-co-styrene);['7', '3'];generic;2-vinylpyridine;styrene;C=CC1=NC=CC=C1;C=CC1=CC=CC=C1;;1;;tetrahydrofuran;O1CCCC1;32;;
Poly(4-vinylpyridine-co-styrene);['3', '2'];generic;4-vinylpyridine;styrene;C=CC1=CC=NC=C1;C=CC1=CC=CC=C1;;1;;n,N-dimethylformamide;O=CN(C)C;32;;
Poly(4-vinylpyridine-co-styrene);['3', '2'];generic;4-vinylpyridine;styrene;C=CC1=CC=NC=C1;C=CC1=CC=CC=C1;;1;;tetrahydrofuran;O1CCCC1;32;;
Poly(carbonylethylene-co-carbonyl-1,2-propylene);['7', '3'];generic;carbonylethylene;carbonyl-1,2-propylene;C=C=C=O;C[CH]C[C]=O;;1;;cresol;CC1=CC=CC=C1O;330,331;;
Poly(carbonylethylene-co-carbonyl-1,2-propylene);['7', '3'];generic;carbonylethylene;carbonyl-1,2-propylene;C=C=C=O;C[CH]C[C]=O;;1;;hexafluoropropylene;FC(F)=C(F)C(F)(F)F;330,331;;
Poly(carbonylethylene-co-carbonyl-1,2-propylene);['7', '3'];generic;carbonylethylene;carbonyl-1,2-propylene;C=C=C=O;C[CH]C[C]=O;;1;;methylene chloride;ClCCl;330,331;;
Poly(carbon monoxide-co-styrene);['1', '1'];generic;carbon monoxide;styrene;[C-]#[O+];C=CC1=CC=CC=C1;;1;;chlorobenzene;ClC1=CC=CC=C1;333-335;;methyl ethyl ketone (hot)
Poly(carbon monoxide-co-styrene);['1', '1'];generic;carbon monoxide;styrene;[C-]#[O+];C=CC1=CC=CC=C1;;1;;hexafluoroisopropanol;FC(F)(F)C(O)C(F)(F)F;333-335;;methyl ethyl ketone (hot)
Poly(carbon monoxide-co-styrene);['1', '1'];generic;carbon monoxide;styrene;[C-]#[O+];C=CC1=CC=CC=C1;;1;;methylene chloride;ClCCl;333-335;;methyl ethyl ketone (hot)
Poly[oxy-3,5-bis(4-carboxyphenyl)-1,4-phenylene-co-oxy-3,5-bis(phenyl)-1,4-phenylene];['13', '87'];generic;oxy-3,5-bis4-carboxyphenyl-1,4-phenylene;oxy-3,5-bisphenyl-1,4-phenylene;O=C(C1=CC=C(C2=[C]C(C3=CC=C(C(O)=O)C=C3)C([C]=C2)=O)C=C1)O;O=C1[C]=CC(C2=CC=CC=C2)=[C]C1C3=CC=CC=C3;;1;;n,N-dimethylformamide;O=CN(C)C;248;;
Poly[oxy-3,5-bis(4-carboxyphenyl)-1,4-phenylene-co-oxy-3,5-bis(phenyl)-1,4-phenylene];['38', '62'];generic;oxy-3,5-bis4-carboxyphenyl-1,4-phenylene;oxy-3,5-bisphenyl-1,4-phenylene;O=C(C1=CC=C(C2=[C]C(C3=CC=C(C(O)=O)C=C3)C([C]=C2)=O)C=C1)O;O=C1[C]=CC(C2=CC=CC=C2)=[C]C1C3=CC=CC=C3;;1;;n,N-dimethylformamide;O=CN(C)C;248;;
Poly[oxy-3,5-bis(4-carboxyphenyl)-1,4-phenylene-co-oxy-3,5-bis(phenyl)-1,4-phenylene];['13', '87'];generic;oxy-3,5-bis4-carboxyphenyl-1,4-phenylene;oxy-3,5-bisphenyl-1,4-phenylene;O=C(C1=CC=C(C2=[C]C(C3=CC=C(C(O)=O)C=C3)C([C]=C2)=O)C=C1)O;O=C1[C]=CC(C2=CC=CC=C2)=[C]C1C3=CC=CC=C3;;1;;dimethyl sulfoxide;O=S(C)C;248;;
Poly[oxy-3,5-bis(4-carboxyphenyl)-1,4-phenylene-co-oxy-3,5-bis(phenyl)-1,4-phenylene];['38', '62'];generic;oxy-3,5-bis4-carboxyphenyl-1,4-phenylene;oxy-3,5-bisphenyl-1,4-phenylene;O=C(C1=CC=C(C2=[C]C(C3=CC=C(C(O)=O)C=C3)C([C]=C2)=O)C=C1)O;O=C1[C]=CC(C2=CC=CC=C2)=[C]C1C3=CC=CC=C3;;1;;dimethyl sulfoxide;O=S(C)C;248;;
Poly(carbon dioxide-co-Propylene oxide);['1', '1'];generic;carbon dioxide;Propylene oxide;O=C=O;CC1CO1;;1;;tetrahydrofuran;O1CCCC1;266;;
Poly(Propylene carbonate-co-Propylene oxide);['9', '1'];generic;Propylene carbonate;Propylene oxide;CC1COC(=O)O1;CC1CO1;;1;;chlorobenzene;ClC1=CC=CC=C1;267;;
Poly(oxycarbonylpentamethylene-co-oxycarbonyl-3-hydroxypentamethylene);['9', '1'];generic;oxycarbonylpentamethylene;oxycarbonyl-3-hydroxypentamethylene;[CH2]CCCCO[C]=O;[CH2]CC(O)CCO[C]=O;;1;;methylene chloride;ClCCl;288;;
Poly(oxycarbonylpentamethylene-co-oxycarbonyl-3-hydroxypentamethylene);['9', '1'];generic;oxycarbonylpentamethylene;oxycarbonyl-3-hydroxypentamethylene;[CH2]CCCCO[C]=O;[CH2]CC(O)CCO[C]=O;;1;;methylene chloride;ClCCl;288;;
Poly(5-hydroxyvaleric acid-co-4-hydroxyvaleric acid);['1', '1'];generic;5-hydroxyvaleric acid;4-hydroxyvaleric acid;O=C(O)CCCCO;CC(O)CCC(O)=O;;1;;methylene chloride;ClCCl;288;;
Poly(oxycarbonyl-1,2-propylene-co-oxyethylenecarbonyloxyethylene);['9', '1'];generic;oxycarbonyl-1,2-propylene;oxyethylenecarbonyloxyethylene;C[CH]CO[C]=O;C=COC(C=C=O)=O;;1;;chloroform;ClC(Cl)Cl;295;;
Poly(oxycarbonyl-1,2-propylene-co-oxyethylenecarbonyloxyethylene);['9', '1'];generic;oxycarbonyl-1,2-propylene;oxyethylenecarbonyloxyethylene;C[CH]CO[C]=O;C=COC(C=C=O)=O;;1;;chloroform;ClC(Cl)Cl;295;;
Poly(oxycarbonyltrimethyleneoxyethylene-co-methyl vinyl ether);['1', '2'];generic;oxycarbonyltrimethyleneoxyethylene;methyl vinyl ether;O=C1OCCCOC=C1;C=COC;;1;;benzene;C1=CC=CC=C1;297;;
Poly(oxycarbonyltrimethyleneoxyethylene-co-methyl vinyl ether);['1', '4'];generic;oxycarbonyltrimethyleneoxyethylene;methyl vinyl ether;O=C1OCCCOC=C1;C=COC;;1;;benzene;C1=CC=CC=C1;297;;
Poly(3-hydroxybutyric acid-co-3-hydroxyvaleric acid);['1', '1'];generic;3-hydroxybutyric acid;3-hydroxyvaleric acid;CC(O)CC(O)=O;CCC(O)CC(O)=O;;1;;chloroform;ClC(Cl)Cl;306;;
Poly(oxy-1-oxo-3-methyltrimethylene-co-oxy-1-oxotrimethylene);['1', '0'];generic;oxy-1-oxo-3-methyltrimethylene;oxy-1-oxotrimethylene;C[CH]C([C]=O)=O;[CH2]C([C]=O)=O;;1;;chloroform;ClC(Cl)Cl;307;;
Poly(oxy-1-oxo-3-methyltrimethylene-co-oxy-1-oxotrimethylene);['1', '3'];generic;oxy-1-oxo-3-methyltrimethylene;oxy-1-oxotrimethylene;C[CH]C([C]=O)=O;[CH2]C([C]=O)=O;;1;;chloroform;ClC(Cl)Cl;307;;
Poly(3-hydroxybutyric acid-co-3-hydroxypropionic acid);['1', '1'];generic;3-hydroxybutyric acid;3-hydroxypropionic acid;CC(O)CC(O)=O;O=C(O)CCO;;1;;chloroform;ClC(Cl)Cl;307;;
Poly(oxy-1-oxo-1,2-propylene-co-oxycarbonylmethylene);['1', '1'];generic;oxy-1-oxo-1,2-propylene;oxycarbonylmethylene;O=C=CC=O;[CH2]O[C]=O;;1;;chloroform;ClC(Cl)Cl;309;;
Poly(lactic acid-co-glycolic acid);['1', '1'];generic;lactic acid;glycolic acid;OC(C)C(O)=O;OCC(O)=O;;1;;chloroform;ClC(Cl)Cl;309;;
Poly(lactic acid-co-glycolic acid);['3', '1'];generic;lactic acid;glycolic acid;OC(C)C(O)=O;OCC(O)=O;;1;;chloroform;ClC(Cl)Cl;309;;
Poly(oxyterephthaloyloxyethylene-co-oxyhexanoyl);['1', '1'];generic;oxyterephthaloyloxyethylene;oxyhexanoyl;O=C1C2=CC=C(C(OC=CO1)=O)C=C2;O=[C]CCCCC=O;;1;;chloroform;ClC(Cl)Cl;317;;
Poly(ethylene terephthalate-co-e-caprolactone);['1', '1'];generic;ethylene terephthalate;e-caprolactone;C=COC(C1=CC=C(C=C1)C([O])=O)=O;O=C1CCCCCO1;;1;;chloroform;ClC(Cl)Cl;317;;
Poly(butanediol-alt-diphenyl methane-1,4-diisocyanate);['1', '1'];alternating;butanediol;diphenyl methane-1,4-diisocyanate;CCCC(O)O;O=C=NC(C1=CC=CC=C1)C2=CC=C(N=C=O)C=C2;;1;;n,N-dimethylacetamide;CC(N(C)C)=O;321;;
Poly(1-butene-co-sulfur dioxide);['1', '1'];generic;1-butene;sulfur dioxide;C=CCC;O=S=O;;1;;acetone;CC(C)=O;13;;
Poly(1-butene-co-sulfur dioxide);['1', '1'];generic;1-butene;sulfur dioxide;C=CCC;O=S=O;;1;;cyclohexanone;O=C1CCCCC1;13;;
Poly(butylethylene-co-sulfur dioxide);['1', '1'];generic;butylethylene;sulfur dioxide;C=CCCCC;O=S=O;;1;;benzene;C1=CC=CC=C1;7;;
Poly(butylethylene-co-sulfur dioxide);['1', '1'];generic;butylethylene;sulfur dioxide;C=CCCCC;O=S=O;;1;;chloroform;ClC(Cl)Cl;7;;
Poly(butylethylene-co-sulfur dioxide);['1', '1'];generic;butylethylene;sulfur dioxide;C=CCCCC;O=S=O;;1;;dioxane;O1CCOCC1;7;;
Poly(1,3-hexadiene-co-sulfur dioxide);['1', '<3'];generic;1,3-hexadiene;sulfur dioxide;C=CC=CCC;O=S=O;;1;;acetone;CC(C)=O;371;;
Poly(1,3-hexadiene-co-sulfur dioxide);['1', '<3'];generic;1,3-hexadiene;sulfur dioxide;C=CC=CCC;O=S=O;;1;;chloroform;ClC(Cl)Cl;371;;
Poly(1,3-hexadiene-co-sulfur dioxide);['1', '<3'];generic;1,3-hexadiene;sulfur dioxide;C=CC=CCC;O=S=O;;1;;n,n-dimethylacetamide;CC(N(C)C)=O;371;;
Poly(1,3-hexadiene-co-sulfur dioxide);['1', '<3'];generic;1,3-hexadiene;sulfur dioxide;C=CC=CCC;O=S=O;;1;;n,n-dimethylformamide;O=CN(C)C;371;;
Poly(1,3-hexadiene-co-sulfur dioxide);['1', '<3'];generic;1,3-hexadiene;sulfur dioxide;C=CC=CCC;O=S=O;;1;;tetrahydrofuran;O1CCCC1;371;;
Poly(1-pentyne-co-sulfur dioxide);['1', '1'];generic;1-pentyne;sulfur dioxide;C#CCCC;O=S=O;;1;;dioxane;O1CCOCC1;13;;
Poly(1-hexyne-co-sulfur dioxide);['1', '1'];generic;1-hexyne;sulfur dioxide;C#CCCCC;O=S=O;;1;;acetone;CC(C)=O;13;;
Poly(1-hexyne-co-sulfur dioxide);['1', '1'];generic;1-hexyne;sulfur dioxide;C#CCCCC;O=S=O;;1;;dioxane;O1CCOCC1;13;;
Poly(1-heptyne-co-sulfur dioxide);['1', '1'];generic;1-heptyne;sulfur dioxide;C#CCCCCC;O=S=O;;1;;acetone;CC(C)=O;13;;
Poly(1-heptyne-co-sulfur dioxide);['1', '1'];generic;1-heptyne;sulfur dioxide;C#CCCCCC;O=S=O;;1;;dioxane;O1CCOCC1;13;;
Poly[4-(tert-butoxycarbonyloxy)styrene-co-sulfur dioxide];['5', '1'];generic;4-tert-butoxycarbonyloxystyrene;sulfur dioxide;C=CC1=CC=C(OC(OC(C)(C)C)=O)C=C1;O=S=O;;1;;toluene;CC1=CC=CC=C1;372;;
Poly(lysine-co-lactic acid);['1', '19'];generic;lysine;lactic acid;N[C@@H](CCCCN)C(O)=O;OC(C)C(O)=O;;1;;chloroform;ClC(Cl)Cl;397;;
Poly(aspartic acid-co-lactic acid);['1', '9'];generic;aspartic acid;lactic acid;N[C@@H](CC(O)=O)C(O)=O;OC(C)C(O)=O;;1;;methylene chloride;ClCCl;402;;
Poly(pyromellitic dianhydride-co-o-phenylenediamin);['1', '1'];generic;pyromellitic dianhydride;o-phenylenediamin;O=C(O1)C2=CC(C3=O)=C(C(O3)=O)C=C2C1=O;NC1=CC=CC=C1N;;1;;n,N-dimethylformamide;O=CN(C)C;435;;
Poly(pyromellitic dianhydride-co-o-phenylenediamin);['1', '1'];generic;pyromellitic dianhydride;o-phenylenediamin;O=C(O1)C2=CC(C3=O)=C(C(O3)=O)C=C2C1=O;NC1=CC=CC=C1N;;1;;n,n-dimethylacetamide;CC(N(C)C)=O;435;;
Poly(pyromellitic dianhydride-co-o-phenylenediamin);['1', '1'];generic;pyromellitic dianhydride;o-phenylenediamin;O=C(O1)C2=CC(C3=O)=C(C(O3)=O)C=C2C1=O;NC1=CC=CC=C1N;;1;;dimethyl sulfoxide;O=S(C)C;435;;
Poly(pyromellitic dianhydride-co-o-phenylenediamin);['1', '1'];generic;pyromellitic dianhydride;o-phenylenediamin;O=C(O1)C2=CC(C3=O)=C(C(O3)=O)C=C2C1=O;NC1=CC=CC=C1N;;1;;tetramethylurea;O=C(N(C)C)N(C)C;435;;
Poly(pyromellitic dianhydride-co-m-phenylenediamin);['1', '1'];generic;pyromellitic dianhydride;m-phenylenediamin;O=C(O1)C2=CC(C3=O)=C(C(O3)=O)C=C2C1=O;NC1=CC=CC(N)=C1;;1;;n,N-dimethylformamide;O=CN(C)C;435;;
Poly(pyromellitic dianhydride-co-m-phenylenediamin);['1', '1'];generic;pyromellitic dianhydride;m-phenylenediamin;O=C(O1)C2=CC(C3=O)=C(C(O3)=O)C=C2C1=O;NC1=CC=CC(N)=C1;;1;;n,n-dimethylacetamide;CC(N(C)C)=O;435;;
Poly(pyromellitic dianhydride-co-m-phenylenediamin);['1', '1'];generic;pyromellitic dianhydride;m-phenylenediamin;O=C(O1)C2=CC(C3=O)=C(C(O3)=O)C=C2C1=O;NC1=CC=CC(N)=C1;;1;;dimethyl sulfoxide;O=S(C)C;435;;
Poly(pyromellitic dianhydride-co-m-phenylenediamin);['1', '1'];generic;pyromellitic dianhydride;m-phenylenediamin;O=C(O1)C2=CC(C3=O)=C(C(O3)=O)C=C2C1=O;NC1=CC=CC(N)=C1;;1;;tetramethylurea;O=C(N(C)C)N(C)C;435;;
Poly(pyromellitic dianhydride-co-p-phenylenediamine);['1', '1'];generic;pyromellitic dianhydride;p-phenylenediamine;O=C(O1)C2=CC(C3=O)=C(C(O3)=O)C=C2C1=O;NC1=CC=C(N)C=C1;;1;;n,N-dimethylformamide;O=CN(C)C;435;;
Poly(pyromellitic dianhydride-co-p-phenylenediamine);['1', '1'];generic;pyromellitic dianhydride;p-phenylenediamine;O=C(O1)C2=CC(C3=O)=C(C(O3)=O)C=C2C1=O;NC1=CC=C(N)C=C1;;1;;n,n-dimethylacetamide;CC(N(C)C)=O;435;;
Poly(pyromellitic dianhydride-co-p-phenylenediamine);['1', '1'];generic;pyromellitic dianhydride;p-phenylenediamine;O=C(O1)C2=CC(C3=O)=C(C(O3)=O)C=C2C1=O;NC1=CC=C(N)C=C1;;1;;dimethyl sulfoxide;O=S(C)C;435;;
Poly(pyromellitic dianhydride-co-p-phenylenediamine);['1', '1'];generic;pyromellitic dianhydride;p-phenylenediamine;O=C(O1)C2=CC(C3=O)=C(C(O3)=O)C=C2C1=O;NC1=CC=C(N)C=C1;;1;;tetramethylurea;O=C(N(C)C)N(C)C;435;;
Poly(dimethylsilylene-co-1,3-dihydro-1,3-dimethyldisilazane);['1', '1'];generic;dimethylsilylene;1,3-dihydro-1,3-dimethyldisilazane;C[Si]C;C[SiH2]N[SiH2]C;;1;;decaline;C12CCCCC1CCCC2;496;;
Poly(dimethylsilylene-co-1,3-dihydro-1,3-dimethyldisilazane);['1', '3'];generic;dimethylsilylene;1,3-dihydro-1,3-dimethyldisilazane;C[Si]C;C[SiH2]N[SiH2]C;;1;;decaline;C12CCCCC1CCCC2;496;;
Poly(dimethylsilylene-co-1,3-dihydro-1,3-dimethyldisilazane);['1', '1'];generic;dimethylsilylene;1,3-dihydro-1,3-dimethyldisilazane;C[Si]C;C[SiH2]N[SiH2]C;;1;;toluene;CC1=CC=CC=C1;496;;
Poly(dimethylsilylene-co-1,3-dihydro-1,3-dimethyldisilazane);['1', '3'];generic;dimethylsilylene;1,3-dihydro-1,3-dimethyldisilazane;C[Si]C;C[SiH2]N[SiH2]C;;1;;toluene;CC1=CC=CC=C1;496;;
Poly(maleic anhydride-alt-isopropenylisocyanate);['1', '1'];alternating;maleic anhydride;isopropenylisocyanate;O=C(O1)C=CC1=O;C=C(N=C=O)C;;1;;acetone;CC(C)=O;560;;
Poly(maleic anhydride-alt-isopropenylisocyanate);['1', '1'];alternating;maleic anhydride;isopropenylisocyanate;O=C(O1)C=CC1=O;C=C(N=C=O)C;;1;;n,n-dimethylformamide;O=CN(C)C;560;;
Poly(maleic anhydride-alt-2-propenylisocyanate);['1', '1'];alternating;maleic anhydride;2-propenylisocyanate;O=C(O1)C=CC1=O;C=CCN=C=O;;1;;methyl ethyl ketone;O=C(C)CC;561;;
Poly(maleic anhydride-co-styrene);['3', '1'];generic;maleic anhydride;styrene;O=C(O1)C=CC1=O;C=CC1=CC=CC=C1;;1;;acetone;CC(C)=O;153;;
Poly(maleic anhydride-co-styrene);['3', '1'];generic;maleic anhydride;styrene;O=C(O1)C=CC1=O;C=CC1=CC=CC=C1;;1;;methyl ethyl ketone;O=C(C)CC;153;;
Poly(maleic anhydride-alt-methyl vinyl ether);['1', '1'];alternating;maleic anhydride;methyl vinyl ether;O=C(O1)C=CC1=O;C=COC;;1;;methyl ethyl ketone;O=C(C)CC;186;;
Poly(maleic anhydride-alt-methyl vinyl ether);['1', '1'];alternating;maleic anhydride;methyl vinyl ether;O=C(O1)C=CC1=O;C=COC;;1;;tetrahydrofuran;O1CCCC1;186;;
Poly(maleic anhydride-alt-1-octadecene);['1', '1'];alternating;maleic anhydride;1-octadecene;O=C(O1)C=CC1=O;C=CCCCCCCCCCCCCCCCC;;1;;acetone;CC(C)=O;562;;
Poly(maleic anhydride-alt-1-octadecene);['1', '1'];alternating;maleic anhydride;1-octadecene;O=C(O1)C=CC1=O;C=CCCCCCCCCCCCCCCCC;;1;;benzene;C1=CC=CC=C1;562;;
Poly(maleic anhydride-alt-1-octadecene);['1', '1'];alternating;maleic anhydride;1-octadecene;O=C(O1)C=CC1=O;C=CCCCCCCCCCCCCCCCC;;1;;carbon tetrachloride;ClC(Cl)(Cl)Cl;562;;
Poly(maleic anhydride-alt-1-octadecene);['1', '1'];alternating;maleic anhydride;1-octadecene;O=C(O1)C=CC1=O;C=CCCCCCCCCCCCCCCCC;;1;;ethyl acetate;CC(OCC)=O;562;;
Poly(maleic anhydride-co-N-vinylformamide);['1', '1'];generic;maleic anhydride;N-vinylformamide;O=C(O1)C=CC1=O;O=CNC=C;;1;;tetrahydrofuran;O1CCCC1;563;;
Poly(2,5-thiophenediyl-co-3-undecyl-2,5-thiophenediyl);['1', '1'];generic;2,5-thiophenediyl;3-undecyl-2,5-thiophenediyl;[C]1=CC=[C]S1;CCCCCCCCCCCC1=[C]S[C]=C1;;1;;nitrobenzene;O=[N+](C1=CC=CC=C1)[O-];567;;
Poly(2,5-thiophenediyl-co-3-undecyl-2,5-thiophenediyl);['1', '1'];generic;2,5-thiophenediyl;3-undecyl-2,5-thiophenediyl;[C]1=CC=[C]S1;CCCCCCCCCCCC1=[C]S[C]=C1;;1;;tetrahydrofuran;O1CCCC1;567;;
Poly(2,5-thiophenediyl-co-dimethylsilylene);['3', '1'];generic;2,5-thiophenediyl;dimethylsilylene;[C]1=CC=[C]S1;C[Si]C;;1;;dimethoxyethane;CC(OC)OC;570;;
Poly(2,5-thiophenediyl-co-dimethylsilylene);['2', '3'];generic;2,5-thiophenediyl;dimethylsilylene;[C]1=CC=[C]S1;C[Si]C;;1;;dimethoxyethane;CC(OC)OC;570;;
Poly(2,5-thiophenediyl-co-N-n-dodecyl-2,5-pyrrolediyl);['4', '1'];generic;2,5-thiophenediyl;N-n-dodecyl-2,5-pyrrolediyl;[C]1=CC=[C]S1;CCCCCCCCCCCCN1[C]=CC=[C]1;;1;;tetrahydrofuran;O1CCCC1;571;;
Poly(t-butyl methacrylate)-b-polystyrene-b-poly(t-butylmethacrylate);['1', '6', '1'];block;t-butyl methacrylate;styrene;CC(C(OC(C)(C)C)=O)=C;C=CC1=CC=CC=C1;C=C(CC(C)(C)C)C([O-])=O;1;t-butylmethacrylate;dioxane;O1CCOCC1;626;;
Poly(t-butyl methacrylate)-b-poly(oxytetramethylene)-b-poly(butyl methacrylate);['2', '6', '2'];block;t-butyl methacrylate;oxytetramethylene;CC(C(OC(C)(C)C)=O)=C;[CH2]CCC[O];CC(C(OCCCC)=O)=C;1;butyl methacrylate;toluene;CC1=CC=CC=C1;627;;
Poly(t-butyl methacrylate)-b-poly(oxytetramethylene)-b-poly(butyl methacrylate);['2', '4', '4'];block;t-butyl methacrylate;oxytetramethylene;CC(C(OC(C)(C)C)=O)=C;[CH2]CCC[O];CC(C(OCCCC)=O)=C;1;butyl methacrylate;toluene;CC1=CC=CC=C1;627;;
Poly(butyl acrylate)-b-poly[3-(pentamethyldisiloxy)propylmethacrylate];['3', '1'];block;butyl acrylate;3-pentamethyldisiloxypropylmethacrylate;C=CC(OCCCC)=O;C=C(CCCCO[Si](C)(C)[Si](C)(C)C)C([O-])=O;;1;;tetrahydrofuran;O1CCCC1;628;;
Poly(butyl vinyl ether)-b-poly(2-ethyloxazoline);['1', '1'];block;butyl vinyl ether;2-ethyloxazoline;C=COCCCC;CCC1=NCCO1;;1;;chlorobenzene;ClC1=CC=CC=C1;629;;
Poly(butyl vinyl ether)-b-poly(2-ethyloxazoline);['1', '1'];block;butyl vinyl ether;2-ethyloxazoline;C=COCCCC;CCC1=NCCO1;;1;;tetrahydrofuran;O1CCCC1;629;;
Poly(2-cinnamoylethyl methacrylate)-b-poly(acrylic acid);['4', '5'];block;2-cinnamoylethyl methacrylate;acrylic acid;CC(C(OCCC(C=CC1=CC=CC=C1)=O)=O)=C;C=CC(O)=O;;1;;methanol;CO;630;;
Poly(2-cinnamoylethyl methacrylate)-b-poly(acrylic acid);['4', '5'];block;2-cinnamoylethyl methacrylate;acrylic acid;CC(C(OCCC(C=CC1=CC=CC=C1)=O)=O)=C;C=CC(O)=O;;1;;methylene chloride;ClCCl;630;;
Poly(e-caprolactone)-b-poly(oxytetramethylene)-b-poly(e-caprolactone);['4', '2', '4'];block;e-caprolactone;oxytetramethylene;O=C1CCCCCO1;[CH2]CCC[O];O=C1CCCCCO1;1;e-caprolactone;tetrahydrofuran;O1CCCC1;631;;
Poly(e-caprolactone)-b-poly(oxytetramethylene)-b-poly(e-caprolactone);['3', '1', '1'];block;e-caprolactone;oxytetramethylene;O=C1CCCCCO1;[CH2]CCC[O];O=C1CCCCCO1;1;e-caprolactone;tetrahydrofuran;O1CCCC1;631;;
Poly(e-caprolactone)-b-poly(oxytetramethylene)-b-poly(e-caprolactone);['4', '2', '4'];block;e-caprolactone;oxytetramethylene;O=C1CCCCCO1;[CH2]CCC[O];O=C1CCCCCO1;1;e-caprolactone;toluene;CC1=CC=CC=C1;631;;
Poly(e-caprolactone)-b-poly(oxytetramethylene)-b-poly(e-caprolactone);['3', '1', '1'];block;e-caprolactone;oxytetramethylene;O=C1CCCCCO1;[CH2]CCC[O];O=C1CCCCCO1;1;e-caprolactone;toluene;CC1=CC=CC=C1;631;;
Poly(dimethylsiloxane)-b-poly(6-aminohexanoic acid);['1', '2'];block;dimethylsiloxane;6-aminohexanoic acid;[SiH3]O[SiH](C)C;O=C(O)CCCCCN;;1;;2,2,2-Trifluoroethanol;FC(F)(F)CO;632;;
Poly(2-ethyl-2-oxazoline)-b-poly(lactic acid);['3', '2'];block;2-ethyl-2-oxazoline;lactic acid;CCC1=NCCO1;OC(C)C(O)=O;;1;;chlorobenzene;ClC1=CC=CC=C1;633;;
Poly(2-ethyl-2-oxazoline)-b-poly(lactic acid);['4', '2'];block;2-ethyl-2-oxazoline;lactic acid;CCC1=NCCO1;OC(C)C(O)=O;;1;;chlorobenzene;ClC1=CC=CC=C1;633;;
Poly(3-hydroxybutyric acid)-b-poly(e-caprolactone);['3', '5'];block;3-hydroxybutyric acid;e-caprolactone;CC(O)CC(O)=O;O=C1CCCCCO1;;1;;chloroform;ClC(Cl)Cl;634;;
Poly(3-hydroxybutyric acid)-b-poly(e-caprolactone);['1', '2'];block;3-hydroxybutyric acid;e-caprolactone;CC(O)CC(O)=O;O=C1CCCCCO1;;1;;chloroform;ClC(Cl)Cl;634;;
Polyisobutylene-b-poly(a-methylstyrene);['9', '1'];block;isobutylene;a-methylstyrene;C=C(C)C;C=C(C)C1=CC=CC=C1;;1;;chloroform;ClC(Cl)Cl;635;;
Poly(methacrylic acid)-b-polystyrene-b-poly(methacrylic acid);['1', '8', '1'];block;methacrylic acid;styrene;CC(C(O)=O)=C;C=CC1=CC=CC=C1;CC(C(O)=O)=C;1;methacrylic acid;dioxane;O1CCOCC1;626;;
Poly(3-methyl-2,5-thiophenediyl)-b-poly(2-vinylpyrrolidone);['1', '1'];block;3-methyl-2,5-thiophenediyl;2-vinylpyrrolidone;CC1=[C]S[C]=C1;C=CC1NCCC1=O;;1;;anisole;COC1=CC=CC=C1;636;;
Poly(oxytetramethylene)-b-poly(e-caprolactone);['1', '4'];block;oxytetramethylene;e-caprolactone;[CH2]CCC[O];O=C1CCCCCO1;;1;;tetrahydrofuran;O1CCCC1;638;;
Poly(oxytetramethylene)-b-poly(e-caprolactone);['1', '4'];block;oxytetramethylene;e-caprolactone;[CH2]CCC[O];O=C1CCCCCO1;;1;;toluene;CC1=CC=CC=C1;638;;
Polystyrene-b-polybutadiene-b-polystyrene);['7', '86', '7'];block;styrene;butadiene;C=CC1=CC=CC=C1;C=CC=C;C=CC1=CC=CC=C1;1;styrene;toluene;CC1=CC=CC=C1;639;;
Polystyrene-b-polybutadiene-b-polystyrene);['70', '15', '15'];block;styrene;butadiene;C=CC1=CC=CC=C1;C=CC=C;C=CC1=CC=CC=C1;1;styrene;toluene;CC1=CC=CC=C1;639;;
Polystyrene-b-poly(tert-butyl methacrylate);['2', '3'];block;styrene;tert-butyl methacrylate;C=CC1=CC=CC=C1;CC(C(OC(C)(C)C)=O)=C;;1;;dioxane;O1CCOCC1;626;;
Polystyrene-b-poly(tert-butyl methacrylate);['1', '4'];block;styrene;tert-butyl methacrylate;C=CC1=CC=CC=C1;CC(C(OC(C)(C)C)=O)=C;;1;;dioxane;O1CCOCC1;626;;
Polystyrene-b-poly(dimethylsiloxane);['1', '1'];block;styrene;dimethylsiloxane;C=CC1=CC=CC=C1;[SiH3]O[SiH](C)C;;1;;tetrahydrofuran;O1CCCC1;350;;
Polystyrene-b-poly(dimethylsiloxane);['1', '9'];block;styrene;dimethylsiloxane;C=CC1=CC=CC=C1;[SiH3]O[SiH](C)C;;1;;dioxane;O1CCOCC1;64;;benzene/2-methoxyethyl ether
Polystyrene-b-poly(dimethylsiloxane);['3', '7'];block;styrene;dimethylsiloxane;C=CC1=CC=CC=C1;[SiH3]O[SiH](C)C;;1;;dioxane;O1CCOCC1;64;;benzene/2-methoxyethyl ether
Polystyrene-b-poly(hexyl isocyanate);['1', '4'];block;styrene;hexyl isocyanate;C=CC1=CC=CC=C1;CCCCCCN=C=O;;1;;carbon tetrachloride;ClC(Cl)(Cl)Cl;645;;
Polystyrene-b-poly(hexyl isocyanate);['1', '4'];block;styrene;hexyl isocyanate;C=CC1=CC=CC=C1;CCCCCCN=C=O;;1;;chloroform;ClC(Cl)Cl;645;;
Polystyrene-b-poly(hexyl isocyanate);['1', '4'];block;styrene;hexyl isocyanate;C=CC1=CC=CC=C1;CCCCCCN=C=O;;1;;toluene;CC1=CC=CC=C1;645;;
Polystyrene-b-poly(hydroxyethyl methacrylate);['2', '3'];block;styrene;hydroxyethyl methacrylate;C=CC1=CC=CC=C1;CC(C(OCCO)=O)=C;;1;;n,N-dimethylformamide;O=CN(C)C;646;;
Polystyrene-b-poly(hydroxyethyl methacrylate);['2', '3'];block;styrene;hydroxyethyl methacrylate;C=CC1=CC=CC=C1;CC(C(OCCO)=O)=C;;1;;tetrahydrofuran;O1CCCC1;646;;
Polystyrene-b-polyisoprene;['1', '1'];block;styrene;isoprene;C=CC1=CC=CC=C1;C=CC(C)=C;;1;;dioctyl phthalate;O=C(OCCCCCCCC)C1=CC=CC=C1C(OCCCCCCCC)=O;647;;
Polystyrene-b-polyisoprene-b-polystyrene;['1', '12', '1'];block;styrene;isoprene;C=CC1=CC=CC=C1;C=CC(C)=C;C=CC1=CC=CC=C1;1;styrene;methyl amyl ketone;O=C(C)CCCCC;639,548-650;;methyl ethyl ketone/isobutyl isobutyrate,methylcylcohexane/methylene chloride (3/2)
Polystyrene-b-polyisoprene-b-polystyrene;['1', '2', '2'];block;styrene;isoprene;C=CC1=CC=CC=C1;C=CC(C)=C;C=CC1=CC=CC=C1;1;styrene;methyl amyl ketone;O=C(C)CCCCC;639,548-650;;methyl ethyl ketone/isobutyl isobutyrate,methylcylcohexane/methylene chloride (3/2)
Polystyrene-b-polyisoprene-b-polystyrene;['1', '12', '1'];block;styrene;isoprene;C=CC1=CC=CC=C1;C=CC(C)=C;C=CC1=CC=CC=C1;1;styrene;methylene chloride;ClCCl;639,548-650;;methyl ethyl ketone/isobutyl isobutyrate,methylcylcohexane/methylene chloride (3/2)
Polystyrene-b-polyisoprene-b-polystyrene;['1', '2', '2'];block;styrene;isoprene;C=CC1=CC=CC=C1;C=CC(C)=C;C=CC1=CC=CC=C1;1;styrene;methylene chloride;ClCCl;639,548-650;;methyl ethyl ketone/isobutyl isobutyrate,methylcylcohexane/methylene chloride (3/2)
Polystyrene-b-polyisoprene-b-polystyrene;['1', '12', '1'];block;styrene;isoprene;C=CC1=CC=CC=C1;C=CC(C)=C;C=CC1=CC=CC=C1;1;styrene;xylene;CC1=CC=C(C)C=C1;639,548-650;;methyl ethyl ketone/isobutyl isobutyrate,methylcylcohexane/methylene chloride (3/2)
Polystyrene-b-polyisoprene-b-polystyrene;['1', '2', '2'];block;styrene;isoprene;C=CC1=CC=CC=C1;C=CC(C)=C;C=CC1=CC=CC=C1;1;styrene;xylene;CC1=CC=C(C)C=C1;639,548-650;;methyl ethyl ketone/isobutyl isobutyrate,methylcylcohexane/methylene chloride (3/2)
Polystyrene-b-poly(methyl methacrylate);['7', '3'];block;styrene;methyl methacrylate;C=CC1=CC=CC=C1;CC(C(OC)=O)=C;;1;;toluene;CC1=CC=CC=C1;7,698;;
Polystyrene-b-poly(methylphenylsiloxane);['3', '2'];block;styrene;methylphenylsiloxane;C=CC1=CC=CC=C1;[SiH3]O[SiH](C)C1=CC=CC=C1;;1;;cyclohexane;C1CCCCC1;651;;
Polystyrene-b-poly(methyl vinyl ether);['2', '1'];block;styrene;methyl vinyl ether;C=CC1=CC=CC=C1;C=COC;;1;;methylene chloride;ClCCl;652;;
Polystyrene-b-poly(2-vinylpyridine);['1', '1'];block;styrene;2-vinylpyridine;C=CC1=CC=CC=C1;C=CC1=NC=CC=C1;;1;;benzene;C1=CC=CC=C1;654;;
Polystyrene-b-poly(2-vinylpyridine);['1', '6'];block;styrene;2-vinylpyridine;C=CC1=CC=CC=C1;C=CC1=NC=CC=C1;;1;;benzene;C1=CC=CC=C1;654;;
Polystyrene-b-poly(vinylpyridine);['1', '1'];block;styrene;vinylpyridine;C=CC1=CC=CC=C1;C=CC1=NC=CC=C1;;1;;tetrahydrofuran;O1CCCC1;655;;
Polypropylene-b-poly(methacrylic acid);['2', '1'];block;propylene;methacrylic acid;CC=C;CC(C(O)=O)=C;;1;;dioxane;O1CCOCC1;653,626;;
Polypropylene-b-poly(methacrylic acid);['2', '1'];block;propylene;methacrylic acid;CC=C;CC(C(O)=O)=C;;1;;tetrahydrofuran;O1CCCC1;653,626;;
Polypropylene-b-poly(methacrylic acid);['2', '1'];block;propylene;methacrylic acid;CC=C;CC(C(O)=O)=C;;1;;toluene;CC1=CC=CC=C1;653,626;;
Poly(ethylene-co-1-cyano-1,4-butylene);['1', '2'];generic;ethylene;1-cyano-1,4-butylene;C=C;[CH2]CC[CH]C#N;;0;;methanol;CO;51;;
Poly(vinylcyclohexane-co-methyl acrylate);['9', '1'];generic;vinylcyclohexane;methyl acrylate;C=CC1CCCCC1;C=CC(OC)=O;;0;;water;[H]O[H];6;;
Poly(N-dodecylacrylamide-co-N-vinylcarbazole);['15', '1'];generic;N-dodecylacrylamide;N-vinylcarbazole;C=CC(NCCCCCCCCCCCC)=O;C=CN1C2=C(C3=C1C=CC=C3)C=CC=C2;;0;;acrylonitrile;C=CC#N;91;;
Poly(N-dodecylacrylamide-co-N-vinylcarbazole);['1', '2'];generic;N-dodecylacrylamide;N-vinylcarbazole;C=CC(NCCCCCCCCCCCC)=O;C=CN1C2=C(C3=C1C=CC=C3)C=CC=C2;;0;;acrylonitrile;C=CC#N;91;;
Poly(methyl vinyl ether-alt-methyl tricyanoethylenecarboxylate);['1', '1'];alternating;methyl vinyl ether;methyl tricyanoethylenecarboxylate;C=COC;O=C(C(C#N)=C(C#N)C#N)OC;;0;;diethyl ether;CCOCC;103;;
Poly(phenyl vinyl ether-alt-2-phenyl-1,1-dicyanoethylene);['1', '1'];alternating;phenyl vinyl ether;2-phenyl-1,1-dicyanoethylene;C=COC1=CC=CC=C1;N#CC(C#N)=CC1=CC=CC=C1;;0;;hexane;CCCCCC;104;;
Poly(phenyl vinyl ether-alt-2-phenyl-1,1-dicyanoethylene);['1', '1'];alternating;phenyl vinyl ether;2-phenyl-1,1-dicyanoethylene;C=COC1=CC=CC=C1;N#CC(C#N)=CC1=CC=CC=C1;;0;;methanol;CO;104;;
Poly(vinyl alcohol-co-ethylene);['1', '1'];generic;vinyl alcohol;ethylene;C=CO;C=C;;0;;methylene chloride;ClCCl;107;;
Poly(vinyl alcohol-co-ethylene);['1', '1'];generic;vinyl alcohol;ethylene;C=CO;C=C;;0;;tetrahydrofuran;O1CCCC1;107;;
Poly(vinyl alcohol-co-vinyl pentanal);['1', '1'];generic;vinyl alcohol;vinyl pentanal;C=CO;CCCC(C=C)C=O;;0;;methanol;CO;110;;
Poly(vinylidene chloride cyanide-alt-1,3-cyclohexadiene);['1', '1'];alternating;vinylidene chloride cyanide;1,3-cyclohexadiene;C=C(C#N)Cl;C1=CC=CCC1;;0;;pentane;CCCCC;128;;
Poly(chlorotrifluoroethylene-co-vinylidene fluoride);['3', '1'];generic;chlorotrifluoroethylene;vinylidene fluoride;FC(F)=C(Cl)F;C=C(F)F;;0;;amyl acetate;CC(OCCCCC)=O;12;;
Poly(styrene-co-tert-butoxycarbonyloxystyrene);['4', '5'];generic;styrene;tert-butoxycarbonyloxystyrene;C=CC1=CC=CC=C1;O=C(OC=CC1=CC=CC=C1)OC(C)(C)C;;0;;methanol;CO;156;;
Poly(styrene-co-tert-butoxycarbonyloxystyrene);['4', '5'];generic;styrene;tert-butoxycarbonyloxystyrene;C=CC1=CC=CC=C1;O=C(OC=CC1=CC=CC=C1)OC(C)(C)C;;0;;Water;[H]O[H];156;;
Poly(styrene-co-maleic anhydride);['9', '1'];generic;styrene;maleic anhydride;C=CC1=CC=CC=C1;O=C(O1)C=CC1=O;;0;;methanol;CO;65;;
Poly(styrene-co-4-thiomethylstyrene);['95', '5'];generic;styrene;4-thiomethylstyrene;C=CC1=CC=CC=C1;C=CC1=CC=C(C=S)C=C1;;0;;ethanol;CCO;159;;
Poly(styrene-co-4-thiomethylstyrene);['95', '5'];generic;styrene;4-thiomethylstyrene;C=CC1=CC=CC=C1;C=CC1=CC=C(C=S)C=C1;;0;;hexane;CCCCCC;159;;
Poly(N-vinylpyrrolidone-co-acrylic acid);['3', '1'];generic;N-vinylpyrrolidone;acrylic acid;C=CN1C(CCC1)=O;C=CC(O)=O;;0;;methyl ethyl ketone;O=C(C)CC;183;;
Poly(N-vinylpyrrolidone-co-acrylic acid);['3', '1'];generic;N-vinylpyrrolidone;acrylic acid;C=CN1C(CCC1)=O;C=CC(O)=O;;0;;methyl ethyl ketone;O=C(C)CC;183;;
Poly(N-vinylpyrrolidone-co-acrylic acid);['3', '1'];generic;N-vinylpyrrolidone;acrylic acid;C=CN1C(CCC1)=O;C=CC(O)=O;;0;;tetrahydrofuran;O1CCCC1;183;;
Poly(N-vinylpyrrolidone-co-acrylic acid);['3', '1'];generic;N-vinylpyrrolidone;acrylic acid;C=CN1C(CCC1)=O;C=CC(O)=O;;0;;tetrahydrofuran;O1CCCC1;183;;
Poly(N-vinylpyrrolidone-co-1-hexadecene);['1', '2'];generic;N-vinylpyrrolidone;1-hexadecene;C=CN1C(CCC1)=O;C=CCCCCCCCCCCCCCC;;0;;n-Propanol;CCCO;186;;
Poly(N-vinylpyrrolidone-co-1-hexadecene);['1', '2'];generic;N-vinylpyrrolidone;1-hexadecene;C=CN1C(CCC1)=O;C=CCCCCCCCCCCCCCC;;0;;Water;[H]O[H];186;;
Poly(N-vinylpyrrolidone-co-vinyl alcohol);['13', '1'];generic;N-vinylpyrrolidone;vinyl alcohol;C=CN1C(CCC1)=O;C=CO;;0;;diethyl ether;CCOCC;187;;
Poly(N-vinylformamide-co-methyl 3-phenyl-2-cyanopropenoate);['1', '1'];generic;N-vinylformamide;methyl 3-phenyl-2-cyanopropenoate;O=CNC=C;O=C(OC)C(C#N)=CC1=CC=CC=C1;;0;;chloroform;ClC(Cl)Cl;697;;
Poly(N-vinylformamide-co-methyl 3-phenyl-2-cyanopropenoate);['1', '1'];generic;N-vinylformamide;methyl 3-phenyl-2-cyanopropenoate;O=CNC=C;O=C(OC)C(C#N)=CC1=CC=CC=C1;;0;;diethyl ether;CCOCC;697;;
Poly(N-vinylformamide-co-methyl 3-phenyl-2-cyanopropenoate);['1', '1'];generic;N-vinylformamide;methyl 3-phenyl-2-cyanopropenoate;O=CNC=C;O=C(OC)C(C#N)=CC1=CC=CC=C1;;0;;ethyl acetate;CC(OCC)=O;697;;
Poly(N-vinylformamide-co-methyl 3-phenyl-2-cyanopropenoate);['1', '1'];generic;N-vinylformamide;methyl 3-phenyl-2-cyanopropenoate;O=CNC=C;O=C(OC)C(C#N)=CC1=CC=CC=C1;;0;;methylene chloride;ClCCl;697;;
Poly(carbon monoxide-co-styrene);['1', '1'];generic;carbon monoxide;styrene;[C-]#[O+];C=CC1=CC=CC=C1;;0;;methanol;CO;333-335;;
Poly[oxy-3,5-bis(4-carboxyphenyl)-1,4-phenylene-co-oxy-3,5-bis(phenyl)-1,4-phenylene];['13', '87'];generic;oxy-3,5-bis4-carboxyphenyl-1,4-phenylene;oxy-3,5-bisphenyl-1,4-phenylene;O=C(C1=CC=C(C2=[C]C(C3=CC=C(C(O)=O)C=C3)C([C]=C2)=O)C=C1)O;O=C1[C]=CC(C2=CC=CC=C2)=[C]C1C3=CC=CC=C3;;0;;chloroform;ClC(Cl)Cl;248;;
Poly[oxy-3,5-bis(4-carboxyphenyl)-1,4-phenylene-co-oxy-3,5-bis(phenyl)-1,4-phenylene];['38', '62'];generic;oxy-3,5-bis4-carboxyphenyl-1,4-phenylene;oxy-3,5-bisphenyl-1,4-phenylene;O=C(C1=CC=C(C2=[C]C(C3=CC=C(C(O)=O)C=C3)C([C]=C2)=O)C=C1)O;O=C1[C]=CC(C2=CC=CC=C2)=[C]C1C3=CC=CC=C3;;0;;chloroform;ClC(Cl)Cl;248;;
Poly[oxy-3,5-bis(4-carboxyphenyl)-1,4-phenylene-co-oxy-3,5-bis(phenyl)-1,4-phenylene];['13', '87'];generic;oxy-3,5-bis4-carboxyphenyl-1,4-phenylene;oxy-3,5-bisphenyl-1,4-phenylene;O=C(C1=CC=C(C2=[C]C(C3=CC=C(C(O)=O)C=C3)C([C]=C2)=O)C=C1)O;O=C1[C]=CC(C2=CC=CC=C2)=[C]C1C3=CC=CC=C3;;0;;toluene;CC1=CC=CC=C1;248;;
Poly[oxy-3,5-bis(4-carboxyphenyl)-1,4-phenylene-co-oxy-3,5-bis(phenyl)-1,4-phenylene];['38', '62'];generic;oxy-3,5-bis4-carboxyphenyl-1,4-phenylene;oxy-3,5-bisphenyl-1,4-phenylene;O=C(C1=CC=C(C2=[C]C(C3=CC=C(C(O)=O)C=C3)C([C]=C2)=O)C=C1)O;O=C1[C]=CC(C2=CC=CC=C2)=[C]C1C3=CC=CC=C3;;0;;toluene;CC1=CC=CC=C1;248;;
Poly(carbon dioxide-co-Propylene oxide);['1', '1'];generic;carbon dioxide;Propylene oxide;O=C=O;CC1CO1;;0;;methanol;CO;266;;
Poly(oxycarbonyltrimethyleneoxyethylene-co-methyl vinyl ether);['1', '2'];generic;oxycarbonyltrimethyleneoxyethylene;methyl vinyl ether;O=C1OCCCOC=C1;C=COC;;0;;diethyl ether;CCOCC;297;;
Poly(oxycarbonyltrimethyleneoxyethylene-co-methyl vinyl ether);['1', '4'];generic;oxycarbonyltrimethyleneoxyethylene;methyl vinyl ether;O=C1OCCCOC=C1;C=COC;;0;;diethyl ether;CCOCC;297;;
Poly(oxy-1-oxo-3-methyltrimethylene-co-oxy-1-oxotrimethylene);['1', '0'];generic;oxy-1-oxo-3-methyltrimethylene;oxy-1-oxotrimethylene;C[CH]C([C]=O)=O;[CH2]C([C]=O)=O;;0;;hexane;CCCCCC;307;;
Poly(oxy-1-oxo-3-methyltrimethylene-co-oxy-1-oxotrimethylene);['1', '3'];generic;oxy-1-oxo-3-methyltrimethylene;oxy-1-oxotrimethylene;C[CH]C([C]=O)=O;[CH2]C([C]=O)=O;;0;;hexane;CCCCCC;307;;
Poly(oxy-1-oxo-3-methyltrimethylene-co-oxy-1-oxotrimethylene);['1', '0'];generic;oxy-1-oxo-3-methyltrimethylene;oxy-1-oxotrimethylene;C[CH]C([C]=O)=O;[CH2]C([C]=O)=O;;0;;methanol;CO;307;;
Poly(oxy-1-oxo-3-methyltrimethylene-co-oxy-1-oxotrimethylene);['1', '3'];generic;oxy-1-oxo-3-methyltrimethylene;oxy-1-oxotrimethylene;C[CH]C([C]=O)=O;[CH2]C([C]=O)=O;;0;;methanol;CO;307;;
Poly(3-hydroxybutyric acid-co-3-hydroxypropionic acid);['1', '1'];generic;3-hydroxybutyric acid;3-hydroxypropionic acid;CC(O)CC(O)=O;O=C(O)CCO;;0;;hexane;CCCCCC;307;;
Poly(3-hydroxybutyric acid-co-3-hydroxypropionic acid);['1', '1'];generic;3-hydroxybutyric acid;3-hydroxypropionic acid;CC(O)CC(O)=O;O=C(O)CCO;;0;;methanol;CO;307;;
Poly(oxyterephthaloyloxyethylene-co-oxyhexanoyl);['1', '1'];generic;oxyterephthaloyloxyethylene;oxyhexanoyl;O=C1C2=CC=C(C(OC=CO1)=O)C=C2;O=[C]CCCCC=O;;0;;methanol;CO;317;;
Poly(ethylene terephthalate-co-e-caprolactone);['1', '1'];generic;ethylene terephthalate;e-caprolactone;C=COC(C1=CC=C(C=C1)C([O])=O)=O;O=C1CCCCCO1;;0;;methanol;CO;317;;
Poly(lysine-co-lactic acid);['1', '19'];generic;lysine;lactic acid;N[C@@H](CCCCN)C(O)=O;OC(C)C(O)=O;;0;;methanol;CO;397;;
Poly[N-(acetyl)iminoethylene-co-N-(3-thiopheneylcarbonyl)iminoethylene];['1', '1'];generic;N-acetyliminoethylene;N-3-thiopheneylcarbonyliminoethylene;C=C=NC(C)=O;C=C=NC(C1=CSC=C1)=O;;0;;acetone;CC(C)=O;470;;
Poly[N-(acetyl)iminoethylene-co-N-(3-thiopheneylcarbonyl)iminoethylene];['1', '1'];generic;N-acetyliminoethylene;N-3-thiopheneylcarbonyliminoethylene;C=C=NC(C)=O;C=C=NC(C1=CSC=C1)=O;;0;;acetonitrile;CC#N;470;;
Poly[N-(acetyl)iminoethylene-co-N-(3-thiopheneylcarbonyl)iminoethylene];['1', '1'];generic;N-acetyliminoethylene;N-3-thiopheneylcarbonyliminoethylene;C=C=NC(C)=O;C=C=NC(C1=CSC=C1)=O;;0;;N,N-dimethylformamide;O=CN(C)C;470;;
Poly[N-(acetyl)iminoethylene-co-N-(3-thiopheneylcarbonyl)iminoethylene];['1', '1'];generic;N-acetyliminoethylene;N-3-thiopheneylcarbonyliminoethylene;C=C=NC(C)=O;C=C=NC(C1=CSC=C1)=O;;0;;dimethyl sulfoxide;O=S(C)C;470;;
Poly[N-(acetyl)iminoethylene-co-N-(3-thiopheneylcarbonyl)iminoethylene];['1', '1'];generic;N-acetyliminoethylene;N-3-thiopheneylcarbonyliminoethylene;C=C=NC(C)=O;C=C=NC(C1=CSC=C1)=O;;0;;tetrahydrofuran;O1CCCC1;470;;
Poly(maleic anhydride-alt-2-propenylisocyanate);['1', '1'];alternating;maleic anhydride;2-propenylisocyanate;O=C(O1)C=CC1=O;C=CCN=C=O;;0;;benzene;C1=CC=CC=C1;561;;
Poly(maleic anhydride-alt-methyl vinyl ether);['1', '1'];alternating;maleic anhydride;methyl vinyl ether;O=C(O1)C=CC1=O;C=COC;;0;;carbon tetrachloride;ClC(Cl)(Cl)Cl;186;;
Poly(maleic anhydride-alt-methyl vinyl ether);['1', '1'];alternating;maleic anhydride;methyl vinyl ether;O=C(O1)C=CC1=O;C=COC;;0;;diethyl ether;CCOCC;186;;
Poly(maleic anhydride-alt-methyl vinyl ether);['1', '1'];alternating;maleic anhydride;methyl vinyl ether;O=C(O1)C=CC1=O;C=COC;;0;;hexane;CCCCCC;186;;
Poly(maleic anhydride-alt-1-octadecene);['1', '1'];alternating;maleic anhydride;1-octadecene;O=C(O1)C=CC1=O;C=CCCCCCCCCCCCCCCCC;;0;;ethanol;CCO;562;;
Poly(2,5-thiophenediyl-co-3-undecyl-2,5-thiophenediyl);['1', '1'];generic;2,5-thiophenediyl;3-undecyl-2,5-thiophenediyl;[C]1=CC=[C]S1;CCCCCCCCCCCC1=[C]S[C]=C1;;0;;methanol;CO;567;;
Poly(2,5-thiophenediyl-co-dimethylsilylene);['3', '1'];generic;2,5-thiophenediyl;dimethylsilylene;[C]1=CC=[C]S1;C[Si]C;;0;;methanol;CO;570;;
Poly(2,5-thiophenediyl-co-dimethylsilylene);['2', '3'];generic;2,5-thiophenediyl;dimethylsilylene;[C]1=CC=[C]S1;C[Si]C;;0;;methanol;CO;570;;
Poly(t-butyl methacrylate)-b-polystyrene-b-poly(t-butylmethacrylate);['1', '6', '1'];block;t-butyl methacrylate;styrene;CC(C(OC(C)(C)C)=O)=C;C=CC1=CC=CC=C1;C=C(CC(C)(C)C)C([O-])=O;0;t-butylmethacrylate;hexane;CCCCCC;626;;
Poly(2-ethyl-2-oxazoline)-b-poly(lactic acid);['3', '2'];block;2-ethyl-2-oxazoline;lactic acid;CCC1=NCCO1;OC(C)C(O)=O;;0;;hexane;CCCCCC;633;;
Poly(2-ethyl-2-oxazoline)-b-poly(lactic acid);['4', '2'];block;2-ethyl-2-oxazoline;lactic acid;CCC1=NCCO1;OC(C)C(O)=O;;0;;hexane;CCCCCC;633;;
Poly(3-hydroxybutyric acid)-b-poly(e-caprolactone);['3', '5'];block;3-hydroxybutyric acid;e-caprolactone;CC(O)CC(O)=O;O=C1CCCCCO1;;0;;methanol;CO;634;;
Poly(3-hydroxybutyric acid)-b-poly(e-caprolactone);['1', '2'];block;3-hydroxybutyric acid;e-caprolactone;CC(O)CC(O)=O;O=C1CCCCCO1;;0;;methanol;CO;634;;
Polyisobutylene-b-poly(a-methylstyrene);['9', '1'];block;isobutylene;a-methylstyrene;C=C(C)C;C=C(C)C1=CC=CC=C1;;0;;methanol;CO;635;;
Poly(methacrylic acid)-b-polystyrene-b-poly(methacrylic acid);['1', '8', '1'];block;methacrylic acid;styrene;CC(C(O)=O)=C;C=CC1=CC=CC=C1;CC(C(O)=O)=C;0;methacrylic acid;hexane;CCCCCC;626;;
Polystyrene-b-poly(tert-butyl methacrylate);['2', '3'];block;styrene;tert-butyl methacrylate;C=CC1=CC=CC=C1;CC(C(OC(C)(C)C)=O)=C;;0;;hexane;CCCCCC;626;;
Polystyrene-b-poly(tert-butyl methacrylate);['1', '4'];block;styrene;tert-butyl methacrylate;C=CC1=CC=CC=C1;CC(C(OC(C)(C)C)=O)=C;;0;;hexane;CCCCCC;626;;
Polystyrene-b-poly(dimethylsiloxane);['1', '1'];block;styrene;dimethylsiloxane;C=CC1=CC=CC=C1;[SiH3]O[SiH](C)C;;0;;methanol;CO;350;;
Polystyrene-b-poly(dimethylsiloxane);['1', '9'];block;styrene;dimethylsiloxane;C=CC1=CC=CC=C1;[SiH3]O[SiH](C)C;;0;;Water;[H]O[H];64;;
Polystyrene-b-poly(dimethylsiloxane);['3', '7'];block;styrene;dimethylsiloxane;C=CC1=CC=CC=C1;[SiH3]O[SiH](C)C;;0;;Water;[H]O[H];64;;
Polystyrene-b-poly(vinylpyridine);['1', '1'];block;styrene;vinylpyridine;C=CC1=CC=CC=C1;C=CC1=NC=CC=C1;;0;;hexane;CCCCCC;655;;
Polypropylene-b-poly(methacrylic acid);['2', '1'];block;propylene;methacrylic acid;CC=C;CC(C(O)=O)=C;;0;;methanol;CO;653,626;;
